RICE,CANADA,TON,42,1956141,0,0
RICE,CHINA P RP,TON,57,3292344,0,0
RICE,HONG KONG,TON,0,41387,0,0
RICE,IRAN,TON,0,0,14,531101
RICE,ITALY,TON,37,2396665,44,3617048
RICE,JAPAN,TON,4,435883,6,1441172
RICE,KOREA RP,TON,14,493924,0,0
RICE,NETHERLAND,TON,2,250705,0,0
RICE,SAUDI ARAB,TON,460,24498500,0,0
RICE,SINGAPORE,TON,72,3108150,0,0
RICE,SPAIN,TON,206,10448214,241,12811673
RICE,SWITZERLAND,TON,2,101115,0,0
RICE,THAILAND,TON,128,5570989,216,11681117
RICE,TURKEY,TON,0,0,0,5707
RICE,U ARAB EMTS,TON,0,0,24,1199015
RICE,U K,TON,0,0,0,7139
RICE,U S A,TON,36,2181872,148,7745341
RICE,VIETNAM SOC REP,TON,0,0,5,406179
PULSES,AFGHANISTAN TIS,TON,0,0,3093,122845258
PULSES,ANGOLA,TON,0,0,119,3494272
PULSES,ARGENTINA,TON,10498,282151760,36694,1205042551
PULSES,AUSTRALIA,TON,282674,7996050386,695226,25496676347
PULSES,AUSTRIA,TON,742,25928998,613,33791761
PULSES,BAHAMAS,TON,0,0,72,4218070
PULSES,BAHARAIN IS,TON,545,18352772,288,10215569
PULSES,BANGLADESH PR,TON,12,300437,121,4433534
PULSES,BELGIUM,TON,2004,72066508,2927,108787570
PULSES,BENIN,TON,2320,44691402,96,2904682
PULSES,BRAZIL,TON,549,16947450,2261,92055939
PULSES,BULGARIA,TON,120,5641795,49,3125872
PULSES,CAMBODIA,TON,0,0,50,1409385
PULSES,CANADA,TON,1439193,29977766599,1087445,29446752007
PULSES,CHILE,TON,480,14276517,477,21495721
PULSES,TAIWAN,TON,6892,252541503,5057,184046075
PULSES,CHINA P RP,TON,118181,4513442055,105932,5777182351
PULSES,COMOROS,TON,0,0,119,4292304
PULSES,COSTA RICA,TON,240,10043099,189,6330539
PULSES,CYPRUS,TON,0,0,243,13063095
PULSES,CZECH REPUBLIC,TON,654,20083910,485,17022287
PULSES,DENMARK,TON,9198,150068551,479,19101496
PULSES,DJIBOUTI,TON,0,0,210,8475088
PULSES,DOMINIC REP,TON,0,0,72,4001400
PULSES,EGYPT A RP,TON,189,8073799,1050,44422219
PULSES,EL SALVADOR,TON,168,5973949,0,0
PULSES,ETHIOPIA,TON,8291,287477179,25423,1152067796
PULSES,FINLAND,TON,120,4806300,790,29034093
PULSES,FRANCE,TON,96445,2144759812,119595,2790934352
PULSES,GEORGIA,TON,120,4308874,110,3513538
PULSES,GERMANY,TON,11817,396832273,7074,306094631
PULSES,GHANA,TON,380,10921799,72,2690785
PULSES,GREECE,TON,398,10829320,615,22440798
PULSES,GUINEA,TON,120,3914025,239,7789681
PULSES,GUINEA BISSAU,TON,204,4891596,106,3003585
PULSES,GUYANA,TON,918,19114105,244,12803712
PULSES,HONG KONG,TON,2458,100176831,198,6891052
PULSES,HUNGARY,TON,0,0,309,9921487
PULSES,INDONESIA,TON,6241,198785678,13691,598458340
PULSES,IRAN,TON,1039,32284235,1824,71684539
PULSES,IRAQ,TON,0,0,1173,57122804
PULSES,IRELAND,TON,48,2274827,0,0
PULSES,ISRAEL,TON,1043,30402844,979,32816709
PULSES,ITALY,TON,4871,185109875,4330,165459865
PULSES,COTE D' IVOIRE,TON,548,17000669,377,13013886
PULSES,JAPAN,TON,8790,263505635,6500,251522568
PULSES,JORDAN,TON,0,0,22,1664606
PULSES,KENYA,TON,1950,87633518,13064,598732216
PULSES,KYRGHYZSTAN,TON,0,0,24,2022298
PULSES,KOREA RP,TON,12461,413684149,6259,224543614
PULSES,KUWAIT,TON,0,0,216,8655241
PULSES,LEBANON,TON,0,0,138,4298744
PULSES,LITHUANIA,TON,50,1013618,0,0
PULSES,LUXEMBOURG,TON,240,10044689,0,0
PULSES,MADAGASCAR,TON,1660,64371457,3451,141631849
PULSES,MALAWI,TON,29865,778927960,59087,1877530933
PULSES,MALAYSIA,TON,6014,212022966,3303,133902713
PULSES,MALDIVES,TON,301,13063383,0,0
PULSES,MAURITIUS,TON,72,2364469,0,0
PULSES,MYANMAR,TON,655723,24528452735,827961,30697249538
PULSES,MEXICO,TON,821,54564282,10526,730978107
PULSES,MOROCCO,TON,124,3095019,0,0
PULSES,MOZAMBIQUE,TON,59534,1744303908,64045,2107562126
PULSES,NEPAL,TON,2855,111419585,57,2625363
PULSES,NETHERLAND,TON,3352,91698882,2618,95732439
PULSES,NEW ZEALAND,TON,192,7309378,841,30531970
PULSES,NIGERIA,TON,120,4583714,206,5694616
PULSES,NORWAY,TON,276,9282175,360,12499315
PULSES,OMAN,TON,120,4651566,438,16749663
PULSES,PAKISTAN IR,TON,572,20553212,364,14762620
PULSES,PARAGUAY,TON,0,0,96,6518568
PULSES,PERU,TON,0,0,24,1560787
PULSES,PHILIPPINES,TON,909,27512025,609,25609579
PULSES,POLAND,TON,505,17098790,263,9110942
PULSES,QATAR,TON,1180,23609766,585,28199723
PULSES,ROMANIA,TON,452,11703050,726,31571392
PULSES,RUSSIA,TON,259539,5460380974,312759,8872045464
PULSES,SAUDI ARAB,TON,2380,77016181,3445,122585498
PULSES,SLOVAK REP,TON,72,1845413,0,0
PULSES,SINGAPORE,TON,5256,200382638,2236,82938875
PULSES,SLOVENIA,TON,0,0,238,8871718
PULSES,SOUTH AFRICA,TON,1303,48369985,1833,69553051
PULSES,SPAIN,TON,2074,68207424,1438,57095062
PULSES,SRI LANKA DSR,TON,2164,71135775,503,22406952
PULSES,SUDAN,TON,398,14389377,981,35420972
PULSES,SURINAME,TON,169,3941613,0,0
PULSES,SWEDEN,TON,844,28249484,1320,43670368
PULSES,SWITZERLAND,TON,898,28598704,1224,40558753
PULSES,SYRIA,TON,0,0,139,3721003
PULSES,TANZANIA REP,TON,74285,2406379368,128408,4838549598
PULSES,THAILAND,TON,7173,254170194,5031,219127327
PULSES,TOGO,TON,239,10335159,122,5060038
PULSES,TRINIDAD,TON,46,2561021,0,0
PULSES,TURKEY,TON,6793,232025480,3893,123173284
PULSES,TURKMENISTAN,TON,72,3613919,0,0
PULSES,UGANDA,TON,0,0,346,16501694
PULSES,U ARAB EMTS,TON,3420,112750187,2486,97568958
PULSES,U K,TON,7049,217155063,4206,164735610
PULSES,UKRAINE,TON,69008,1438049590,48113,1138119908
PULSES,U S A,TON,118755,3045300185,182767,5762872234
PULSES,URUGUAY,TON,168,6818748,0,0
PULSES,UZBEKISTAN,TON,2276,112498515,12814,628164437
PULSES,VIETNAM SOC REP,TON,2278,81072975,756,30643431
PULSES,CONGO D. REP.,TON,0,0,120,8898621
PULSES,UNSPECIFIED,TON,284,12385425,82,11698950
RAW CASHEW NUTS,AUSTRALIA,TON,432,23800639,18,1242412
RAW CASHEW NUTS,AUSTRIA,TON,50,3113076,0,0
RAW CASHEW NUTS,BAHARAIN IS,TON,279,20115864,0,0
RAW CASHEW NUTS,BANGLADESH PR,TON,0,0,20,513388
RAW CASHEW NUTS,BENIN,TON,122301,7913655466,155989,8817959606
RAW CASHEW NUTS,BRAZIL,TON,0,0,221,10368454
RAW CASHEW NUTS,BURKINA FASO,TON,9933,572082330,3344,191954273
RAW CASHEW NUTS,CAMBODIA,TON,492,31452364,231,13676966
RAW CASHEW NUTS,CANADA,TON,368,25116301,0,0
RAW CASHEW NUTS,TAIWAN,TON,101,5947333,100,4575578
RAW CASHEW NUTS,CHINA P RP,TON,5662,376349542,2621,151641330
RAW CASHEW NUTS,CONGO P REP,TON,99,6084099,97,4567262
RAW CASHEW NUTS,COSTA RICA,TON,184,14534280,0,0
RAW CASHEW NUTS,CZECH REPUBLIC,TON,51,3394688,0,0
RAW CASHEW NUTS,DENMARK,TON,52,3634182,0,0
RAW CASHEW NUTS,EGYPT A RP,TON,327,21686873,0,0
RAW CASHEW NUTS,EL SALVADOR,TON,288,22016610,141,10287610
RAW CASHEW NUTS,FINLAND,TON,98,6161151,541,33290345
RAW CASHEW NUTS,FRANCE,TON,0,0,321,16016740
RAW CASHEW NUTS,GABON,TON,0,0,57,3363169
RAW CASHEW NUTS,GAMBIA,TON,25144,1729994708,22179,1493894919
RAW CASHEW NUTS,GERMANY,TON,1059,65227111,398,23642835
RAW CASHEW NUTS,GHANA,TON,128361,7876206579,83771,4638140275
RAW CASHEW NUTS,GUATEMALA,TON,0,0,50,3405004
RAW CASHEW NUTS,GUINEA,TON,23393,1405735158,9729,518438228
RAW CASHEW NUTS,GUINEA BISSAU,TON,136383,10462019097,104411,7260629060
RAW CASHEW NUTS,HONG KONG,TON,17,1108307,0,0
RAW CASHEW NUTS,INDONESIA,TON,40244,3244116271,42019,2952150988
RAW CASHEW NUTS,IRAN,TON,166,11148118,233,12978550
RAW CASHEW NUTS,ISRAEL,TON,480,36982841,0,0
RAW CASHEW NUTS,ITALY,TON,336,21554624,92,3615218
RAW CASHEW NUTS,COTE D' IVOIRE,TON,181264,10584527122,264150,13532692321
RAW CASHEW NUTS,JAPAN,TON,252,17661313,0,0
RAW CASHEW NUTS,JORDAN,TON,68,2676914,0,0
RAW CASHEW NUTS,KOREA RP,TON,271,20322635,18,1110366
RAW CASHEW NUTS,KUWAIT,TON,226,14668892,186,10964762
RAW CASHEW NUTS,MADAGASCAR,TON,1068,58646916,226,9553851
RAW CASHEW NUTS,MALAWI,TON,0,0,33,1552350
RAW CASHEW NUTS,MALAYSIA,TON,1052,78933748,216,16186313
RAW CASHEW NUTS,MALDIVES,TON,92,5537728,127,6629521
RAW CASHEW NUTS,MALI,TON,2246,115550348,0,0
RAW CASHEW NUTS,MALTA,TON,108,7299146,0,0
RAW CASHEW NUTS,MYANMAR,TON,1163,55843444,163,9308900
RAW CASHEW NUTS,MOROCCO,TON,97,6016807,0,0
RAW CASHEW NUTS,MOZAMBIQUE,TON,20066,1248991535,7585,402690113
RAW CASHEW NUTS,NETHERLAND,TON,32,2073655,0,0
RAW CASHEW NUTS,NIGERIA,TON,10308,623096222,27170,1366544974
RAW CASHEW NUTS,OMAN,TON,104,6469546,256,18971653
RAW CASHEW NUTS,PAKISTAN IR,TON,950,63385365,204,15075479
RAW CASHEW NUTS,PANAMA REPUBLIC,TON,142,6797238,103,4827462
RAW CASHEW NUTS,PAPUA N GNA,TON,0,0,93,4539284
RAW CASHEW NUTS,POLAND,TON,18,1474088,16,908962
RAW CASHEW NUTS,PORTUGAL,TON,166,10020404,0,0
RAW CASHEW NUTS,RUSSIA,TON,286,19691802,162,8895710
RAW CASHEW NUTS,SAUDI ARAB,TON,1182,65841189,1012,72078340
RAW CASHEW NUTS,SENEGAL,TON,18377,1146073151,12621,846420665
RAW CASHEW NUTS,SINGAPORE,TON,347,22173159,748,56727111
RAW CASHEW NUTS,SOUTH AFRICA,TON,417,27569064,18,812928
RAW CASHEW NUTS,SPAIN,TON,179,11804265,0,0
RAW CASHEW NUTS,SRI LANKA DSR,TON,1692,116623340,1932,123459024
RAW CASHEW NUTS,SUDAN,TON,53,3813005,85,4880455
RAW CASHEW NUTS,SURINAME,TON,99,6734151,0,0
RAW CASHEW NUTS,SWEDEN,TON,191,10413412,677,37018569
RAW CASHEW NUTS,TANZANIA REP,TON,60011,4421819757,142068,10281690890
RAW CASHEW NUTS,THAILAND,TON,793,45562370,473,31743235
RAW CASHEW NUTS,TOGO,TON,4698,287954231,3757,197363036
RAW CASHEW NUTS,TRINIDAD,TON,0,0,101,7284734
RAW CASHEW NUTS,TUNISIA,TON,47,2801652,0,0
RAW CASHEW NUTS,TURKEY,TON,80,5482901,0,0
RAW CASHEW NUTS,U ARAB EMTS,TON,2109,138588437,320,18579336
RAW CASHEW NUTS,U K,TON,654,41507765,0,0
RAW CASHEW NUTS,U S A,TON,1520,100607509,798,43888781
RAW CASHEW NUTS,VIETNAM SOC REP,TON,888,57520489,68,2751570
RAW CASHEW NUTS,ZAMBIA,TON,0,0,191,9733328
RAW CASHEW NUTS,UNSPECIFIED,TON,205,20611053,0,0
SPICES,AFGHANISTAN TIS,KGS,1484483,1761942291,1737057,1734728300
SPICES,ALBANIA,KGS,19068,3838959,17672,3649253
SPICES,AUSTRALIA,KGS,239945,57667220,81036,24774519
SPICES,AUSTRIA,KGS,46125,24659985,12319,10969018
SPICES,BAHARAIN IS,KGS,16958,1013773,40339,3281470
SPICES,BANGLADESH PR,KGS,330032,8872878,659012,16133790
SPICES,BELIZE,KGS,0,0,7000,861201
SPICES,BELGIUM,KGS,141640,43650697,21983,6137702
SPICES,BENIN,KGS,32490,8479960,0,0
SPICES,BOSNIA-HRZGOVIN,KGS,26000,3600072,0,0
SPICES,BRAZIL,KGS,663412,174141678,132129,37062837
SPICES,BULGARIA,KGS,396000,16714453,137820,9622794
SPICES,CAMBODIA,KGS,20000,5115106,4,1100
SPICES,CANADA,KGS,187441,33825756,36041,5843222
SPICES,CHILE,KGS,23378,4116092,0,0
SPICES,TAIWAN,KGS,163806,31903536,129746,46029671
SPICES,CHINA P RP,KGS,15506922,3109461770,6656568,2411231116
SPICES,COLOMBIA,KGS,1952,881523,1500,957751
SPICES,COMOROS,KGS,218040,76790614,733400,344385782
SPICES,COSTA RICA,KGS,16000,879156,0,0
SPICES,CZECH REPUBLIC,KGS,43620,17588454,85000,20276397
SPICES,DENMARK,KGS,13473,1009986,758,1413738
SPICES,DJIBOUTI,KGS,0,0,483000,28467988
SPICES,DOMINIC REP,KGS,5100,20917709,0,0
SPICES,EGYPT A RP,KGS,594492,42164476,361468,41229256
SPICES,ETHIOPIA,KGS,311269,40818878,324192,38340526
SPICES,FINLAND,KGS,971472,63662409,955740,71699874
SPICES,FRANCE,KGS,314808,78066853,335449,140429821
SPICES,GAMBIA,KGS,0,0,8400,14484204
SPICES,GERMANY,KGS,461182,141092572,520210,259458505
SPICES,GHANA,KGS,1200,3286800,0,0
SPICES,GREECE,KGS,17018,2544533,5261,1593817
SPICES,GRENADA,KGS,0,0,25,55940
SPICES,GUATEMALA,KGS,65000,55435871,596780,200093194
SPICES,GUINEA,KGS,7875,2178202,0,0
SPICES,GUINEA BISSAU,KGS,24350,3486072,0,0
SPICES,HAITI,KGS,408,4019310,1812,8777427
SPICES,HONG KONG,KGS,171199,22603786,40749,9272060
SPICES,HUNGARY,KGS,123,478413,2010,410281
SPICES,ICELAND,KGS,0,0,1,70251
SPICES,INDONESIA,KGS,9449695,2248015313,8120537,2426472017
SPICES,IRAN,KGS,305030,330126774,229094,417507098
SPICES,IRELAND,KGS,182,34188,6400,4907521
SPICES,ISRAEL,KGS,68212,18631199,31995,12615332
SPICES,ITALY,KGS,2521981,215247019,3691015,336464560
SPICES,JAMAICA,KGS,61150,16781538,80050,23030925
SPICES,JAPAN,KGS,593778,157649517,285940,182009311
SPICES,JORDAN,KGS,2389,477457,0,0
SPICES,KAZAKHSTAN,KGS,12701,17271051,3927,5999626
SPICES,KENYA,KGS,34600,5699014,0,0
SPICES,KOREA RP,KGS,793999,104926206,252496,59371328
SPICES,KUWAIT,KGS,25000,2437170,2266,289826
SPICES,LAO PD RP,KGS,1200,1145328,0,0
SPICES,LEBANON,KGS,581,305725,0,0
SPICES,MADAGASCAR,KGS,5468214,1966875897,5009890,1947279818
SPICES,MALAYSIA,KGS,355331,67293579,465313,65224651
SPICES,MAURITIUS,KGS,23,55807,0,0
SPICES,MYANMAR,KGS,1052288,154388739,1538000,125395979
SPICES,MEXICO,KGS,68212,28926859,130962,66529256
SPICES,MOROCCO,KGS,397343,29045355,718950,67566978
SPICES,MOZAMBIQUE,KGS,55366,5502374,5013,561632
SPICES,NEPAL,KGS,29748979,1655367447,63961015,2586758885
SPICES,NETHERLAND,KGS,298403,38673915,318821,71545324
SPICES,NETHERLANDANTIL,KGS,1113,459319,2424,397878
SPICES,NEW ZEALAND,KGS,42525,3910109,106417,7910374
SPICES,NIGERIA,KGS,1685624,233910707,2949919,247788603
SPICES,OMAN,KGS,244,80380,6815,1055587
SPICES,PAKISTAN IR,KGS,2711146,155290313,604859,42525573
SPICES,PARAGUAY,KGS,10000,7961465,9100,11310526
SPICES,PERU,KGS,49289,6091033,42000,6203545
SPICES,PHILIPPINES,KGS,2741,8289464,24,23555
SPICES,POLAND,KGS,59803,13267621,3726,2904308
SPICES,PORTUGAL,KGS,57373,18534987,0,0
SPICES,QATAR,KGS,34275,2221126,2000,2183204
SPICES,ROMANIA,KGS,57000,3349010,87000,2969823
SPICES,RUSSIA,KGS,106076,19985142,195800,35097426
SPICES,RWANDA,KGS,12000,1911000,0,0
SPICES,SAUDI ARAB,KGS,220660,24461498,106807,16675507
SPICES,SENEGAL,KGS,47000,9537019,0,0
SPICES,SINGAPORE,KGS,494551,124103400,271667,126211121
SPICES,SLOVENIA,KGS,0,0,20,24200
SPICES,SOUTH AFRICA,KGS,65021,11784512,106991,17650526
SPICES,SPAIN,KGS,320817,51195220,208818,52384312
SPICES,SRI LANKA DSR,KGS,6340546,2488560736,10904311,4343740595
SPICES,SUDAN,KGS,5000,923271,0,0
SPICES,SWEDEN,KGS,87762,18020761,10027,5943709
SPICES,SWITZERLAND,KGS,326544,73437568,59547,119325964
SPICES,SYRIA,KGS,237861,28245818,75000,12079351
SPICES,TAJIKISTAN,KGS,40000,51891005,0,0
SPICES,TANZANIA REP,KGS,1141346,546038548,1990801,1073713171
SPICES,THAILAND,KGS,874420,117806500,899171,142002862
SPICES,TOGO,KGS,0,0,180,178010
SPICES,TUNISIA,KGS,150,290250,6650,312592
SPICES,TURKEY,KGS,16301346,1520004779,11329359,1299746280
SPICES,UGANDA,KGS,7000,1993474,0,0
SPICES,U ARAB EMTS,KGS,420690,65024797,507188,118835199
SPICES,U K,KGS,559172,132308005,166833,61194917
SPICES,UKRAINE,KGS,111087,5336310,182140,7112406
SPICES,U S A,KGS,2372958,494943020,1313946,368734438
SPICES,URUGUAY,KGS,24000,1565795,0,0
SPICES,UZBEKISTAN,KGS,59474,80139346,139225,178876478
SPICES,VENEZUELA,KGS,0,0,14000,1154177
SPICES,VIETNAM SOC REP,KGS,19697240,2617683602,21710099,3453999383
SPICES,VIRGIN IS US,KGS,0,0,34000,16570389
SPICES,ZAMBIA,KGS,1250,3203981,0,0
SPICES,ZIMBABWE,KGS,0,0,47748,5780093
SPICES,UNSPECIFIED,KGS,252864,32500101,703172,225190180
SUGAR,AUSTRALIA,TON,1,215629,0,261512
SUGAR,AUSTRIA,TON,6,621178,5,656323
SUGAR,BAHARAIN IS,TON,0,0,0,15450
SUGAR,BANGLADESH PR,TON,0,0,21,177488
SUGAR,BELGIUM,TON,2,221071,2,384269
SUGAR,BRAZIL,TON,98519,3024328020,1108215,30417642600
SUGAR,CANADA,TON,103,5892310,74,5877636
SUGAR,TAIWAN,TON,0,3988,0,27494
SUGAR,CHINA P RP,TON,457,23209822,77,12153922
SUGAR,CZECH REPUBLIC,TON,0,4068,0,0
SUGAR,EGYPT A RP,TON,0,3285,0,14126
SUGAR,FINLAND,TON,0,15138,0,0
SUGAR,FRANCE,TON,19,2330153,94,19539097
SUGAR,GERMANY,TON,88,13470247,145,27684775
SUGAR,HONG KONG,TON,1,488463,0,0
SUGAR,INDONESIA,TON,14,689949,20,1102673
SUGAR,IRELAND,TON,4,448420,0,0
SUGAR,ISRAEL,TON,0,3589,0,0
SUGAR,ITALY,TON,1,615881,0,343037
SUGAR,JAPAN,TON,22,5182684,19,3441936
SUGAR,JORDAN,TON,0,33614,0,0
SUGAR,KOREA RP,TON,67,6034995,18,1175799
SUGAR,LIBERIA,TON,0,0,5,3332646
SUGAR,MALAYSIA,TON,0,23093,1,233310
SUGAR,MYANMAR,TON,0,0,1,151886
SUGAR,MEXICO,TON,0,15258,0,0
SUGAR,NETHERLAND,TON,20,1580998,25,2356400
SUGAR,NEW ZEALAND,TON,0,0,10,540628
SUGAR,NIGERIA,TON,0,2166,0,0
SUGAR,PAKISTAN IR,TON,1,121574,4856,139313034
SUGAR,PHILIPPINES,TON,0,25993,0,26571
SUGAR,POLAND,TON,5,979022,0,0
SUGAR,SAUDI ARAB,TON,1,32951,1,38589
SUGAR,SLOVAK REP,TON,0,0,17,1162702
SUGAR,SINGAPORE,TON,2,376051,2,577176
SUGAR,SOUTH AFRICA,TON,5,1386648,0,51271
SUGAR,SPAIN,TON,0,102878,1,223151
SUGAR,SWITZERLAND,TON,1,125310,0,60929
SUGAR,THAILAND,TON,0,136493,1,90324
SUGAR,TURKEY,TON,1,56810,2,176892
SUGAR,U ARAB EMTS,TON,50,2672612,375,16316852
SUGAR,U K,TON,85,9825092,72,8203128
SUGAR,U S A,TON,252,37051596,254,53710959
PULP AND WASTE PAPER,AFGHANISTAN TIS,TON,0,0,103,1288749
PULP AND WASTE PAPER,ALBANIA,TON,102,1081946,0,0
PULP AND WASTE PAPER,ALGERIA,TON,6723,78831419,9497,107211997
PULP AND WASTE PAPER,ARGENTINA,TON,25,477340,616,6891429
PULP AND WASTE PAPER,AUSTRALIA,TON,12610,196841954,11270,164898849
PULP AND WASTE PAPER,AUSTRIA,TON,12721,457897430,14720,508252933
PULP AND WASTE PAPER,BAHARAIN IS,TON,29458,359991314,31595,379426999
PULP AND WASTE PAPER,BANGLADESH PR,TON,0,0,116,1493399
PULP AND WASTE PAPER,BARBADOS,TON,46,762283,0,0
PULP AND WASTE PAPER,BELGIUM,TON,66831,914940947,43999,592799039
PULP AND WASTE PAPER,BENIN,TON,43,631638,79,932188
PULP AND WASTE PAPER,BOSNIA-HRZGOVIN,TON,25,280012,486,6205502
PULP AND WASTE PAPER,BRAZIL,TON,5143,152787745,4058,128281480
PULP AND WASTE PAPER,BULGARIA,TON,0,0,121,930012
PULP AND WASTE PAPER,BELARUS,TON,110,1404288,0,0
PULP AND WASTE PAPER,CAMEROON,TON,149,646129,306,4065330
PULP AND WASTE PAPER,CANADA,TON,153009,5629227866,171178,6641530012
PULP AND WASTE PAPER,CHILE,TON,45863,1598586763,60044,2066484664
PULP AND WASTE PAPER,TAIWAN,TON,7256,127261130,6280,102507684
PULP AND WASTE PAPER,CHINA P RP,TON,78061,1950188789,66009,1891222439
PULP AND WASTE PAPER,COLOMBIA,TON,0,0,171,1647671
PULP AND WASTE PAPER,COMOROS,TON,0,0,35,407064
PULP AND WASTE PAPER,COSTA RICA,TON,0,0,244,4149198
PULP AND WASTE PAPER,CYPRUS,TON,10945,118049261,13959,142657479
PULP AND WASTE PAPER,CZECH REPUBLIC,TON,587,18300743,121,1388159
PULP AND WASTE PAPER,DENMARK,TON,784,12111606,188,2563543
PULP AND WASTE PAPER,DOMINIC REP,TON,1054,14940391,548,7282762
PULP AND WASTE PAPER,EGYPT A RP,TON,954,18065042,351,20510818
PULP AND WASTE PAPER,EL SALVADOR,TON,0,0,246,3661899
PULP AND WASTE PAPER,ESTONIA,TON,17533,488702009,28009,865291803
PULP AND WASTE PAPER,ETHIOPIA,TON,0,0,49,760355
PULP AND WASTE PAPER,ERITREA,TON,124,2129059,0,0
PULP AND WASTE PAPER,FINLAND,TON,40454,1194268262,32114,975828511
PULP AND WASTE PAPER,FRANCE,TON,34318,485766906,24584,341640059
PULP AND WASTE PAPER,GABON,TON,151,2467482,0,0
PULP AND WASTE PAPER,GAMBIA,TON,120,1792711,0,0
PULP AND WASTE PAPER,GEORGIA,TON,52,2247942,943,12539048
PULP AND WASTE PAPER,GERMANY,TON,33834,947796190,21165,543854428
PULP AND WASTE PAPER,GHANA,TON,1969,19866769,3355,41216917
PULP AND WASTE PAPER,GREECE,TON,6445,82004924,9315,115628025
PULP AND WASTE PAPER,GUADELOUPE,TON,0,0,1627,20068064
PULP AND WASTE PAPER,GUATEMALA,TON,1580,24575117,3022,44097277
PULP AND WASTE PAPER,GUINEA,TON,0,0,24,155695
PULP AND WASTE PAPER,GUINEA BISSAU,TON,0,0,260,8121582
PULP AND WASTE PAPER,GUYANA,TON,146,1075445,0,0
PULP AND WASTE PAPER,HONDURAS,TON,1043,15726799,1009,14867115
PULP AND WASTE PAPER,HONG KONG,TON,1505,45023255,469,16287953
PULP AND WASTE PAPER,HUNGARY,TON,20,241242,0,0
PULP AND WASTE PAPER,ICELAND,TON,2271,23909761,234,2723959
PULP AND WASTE PAPER,INDONESIA,TON,271807,8203661741,261558,8553834515
PULP AND WASTE PAPER,IRAN,TON,6421,81281318,777,13728647
PULP AND WASTE PAPER,IRAQ,TON,0,0,99,2711691
PULP AND WASTE PAPER,IRELAND,TON,31739,376935990,29198,323682780
PULP AND WASTE PAPER,ISRAEL,TON,17037,200544044,17584,213629572
PULP AND WASTE PAPER,ITALY,TON,18187,358677550,12176,227727432
PULP AND WASTE PAPER,COTE D' IVOIRE,TON,1007,12255277,1511,32464050
PULP AND WASTE PAPER,JAPAN,TON,8968,166008914,8000,174998320
PULP AND WASTE PAPER,JORDAN,TON,5284,63441726,6303,81383760
PULP AND WASTE PAPER,KAZAKHSTAN,TON,63,742395,0,0
PULP AND WASTE PAPER,KENYA,TON,5593,56657259,13819,140546471
PULP AND WASTE PAPER,KOREA RP,TON,14297,307553929,9144,248387469
PULP AND WASTE PAPER,KUWAIT,TON,54839,656473392,45860,551196335
PULP AND WASTE PAPER,LATVIA,TON,230,3366108,0,0
PULP AND WASTE PAPER,LEBANON,TON,0,0,261,8753254
PULP AND WASTE PAPER,LIBERIA,TON,6,75195,119,1292081
PULP AND WASTE PAPER,LIBYA,TON,21,585719,418,5288658
PULP AND WASTE PAPER,LITHUANIA,TON,0,0,119,1576725
PULP AND WASTE PAPER,LUXEMBOURG,TON,24,1371396,0,0
PULP AND WASTE PAPER,MACAO,TON,100,3205984,0,0
PULP AND WASTE PAPER,MADAGASCAR,TON,815,9557146,1571,19245145
PULP AND WASTE PAPER,MALAWI,TON,0,0,296,4542537
PULP AND WASTE PAPER,MALAYSIA,TON,8492,211611684,62745,2159607174
PULP AND WASTE PAPER,MALDIVES,TON,138,1826667,1515,46962326
PULP AND WASTE PAPER,MALTA,TON,4894,54626888,9151,105811933
PULP AND WASTE PAPER,MARTINIQUE,TON,0,0,171,1929972
PULP AND WASTE PAPER,MAURITIUS,TON,3202,38235605,5301,65087287
PULP AND WASTE PAPER,MYANMAR,TON,865,18134429,273,3030301
PULP AND WASTE PAPER,MEXICO,TON,539,9542849,1131,18181945
PULP AND WASTE PAPER,MOROCCO,TON,1884,27165668,289,3827224
PULP AND WASTE PAPER,MOZAMBIQUE,TON,204,3219317,23,880322
PULP AND WASTE PAPER,NAMIBIA,TON,0,0,20,2820275
PULP AND WASTE PAPER,NEPAL,TON,2469,15168909,6261,41612278
PULP AND WASTE PAPER,NETHERLAND,TON,68808,927710511,48141,670572162
PULP AND WASTE PAPER,NETHERLANDANTIL,TON,269,3615741,0,0
PULP AND WASTE PAPER,NEW ZEALAND,TON,27508,483981644,33879,701382716
PULP AND WASTE PAPER,NICARAGUA,TON,100,1740091,280,4334001
PULP AND WASTE PAPER,NIGERIA,TON,500,7570891,188,2447241
PULP AND WASTE PAPER,NORFOLK IS,TON,0,0,26,600761
PULP AND WASTE PAPER,NORWAY,TON,1264,37378784,2004,37601923
PULP AND WASTE PAPER,OMAN,TON,4331,53827947,5161,61807573
PULP AND WASTE PAPER,PAKISTAN IR,TON,1559,28135217,281,3750422
PULP AND WASTE PAPER,PANAMA REPUBLIC,TON,202,2765309,147,1765802
PULP AND WASTE PAPER,PAPUA N GNA,TON,0,0,78,1081787
PULP AND WASTE PAPER,PERU,TON,348,3835833,0,0
PULP AND WASTE PAPER,PHILIPPINES,TON,363,12175024,238,5862668
PULP AND WASTE PAPER,POLAND,TON,1337,24918936,992,14871363
PULP AND WASTE PAPER,PORTUGAL,TON,2469,42430904,1716,24032873
PULP AND WASTE PAPER,PUERTO RICO,TON,849,11821575,2286,28073765
PULP AND WASTE PAPER,QATAR,TON,5909,90935415,8058,106552303
PULP AND WASTE PAPER,REUNION,TON,13029,140528330,14305,149353458
PULP AND WASTE PAPER,ROMANIA,TON,124,3300130,67,2039942
PULP AND WASTE PAPER,RUSSIA,TON,35416,1113822089,41786,1381404499
PULP AND WASTE PAPER,SAUDI ARAB,TON,97021,1222427511,107542,1379253993
PULP AND WASTE PAPER,SENEGAL,TON,26,497755,0,0
PULP AND WASTE PAPER,SEYCHELLES,TON,0,0,73,701196
PULP AND WASTE PAPER,SLOVAK REP,TON,0,0,102,8953468
PULP AND WASTE PAPER,SINGAPORE,TON,35897,622511097,28542,528231634
PULP AND WASTE PAPER,SLOVENIA,TON,132,1577791,212,2634200
PULP AND WASTE PAPER,SOUTH AFRICA,TON,93927,3441493439,102523,3347095485
PULP AND WASTE PAPER,SPAIN,TON,19151,307956112,11517,199139397
PULP AND WASTE PAPER,SRI LANKA DSR,TON,106950,1228153335,117660,1362979741
PULP AND WASTE PAPER,ST LUCIA,TON,0,0,194,2256956
PULP AND WASTE PAPER,SUDAN,TON,3043,34450105,1714,25908183
PULP AND WASTE PAPER,SURINAME,TON,554,7156767,76,1014787
PULP AND WASTE PAPER,SWEDEN,TON,93303,3983802919,112780,5315606473
PULP AND WASTE PAPER,SWITZERLAND,TON,3103,41477909,1757,33486332
PULP AND WASTE PAPER,SYRIA,TON,8,1285213,0,0
PULP AND WASTE PAPER,TANZANIA REP,TON,673,6880646,221,3476592
PULP AND WASTE PAPER,THAILAND,TON,13123,310980647,14667,399589296
PULP AND WASTE PAPER,TOGO,TON,230,1912751,716,8434285
PULP AND WASTE PAPER,TRINIDAD,TON,1162,13563288,336,3508119
PULP AND WASTE PAPER,TUNISIA,TON,1566,19999606,1083,12058619
PULP AND WASTE PAPER,TURKEY,TON,13690,207424720,8855,128090847
PULP AND WASTE PAPER,U ARAB EMTS,TON,212994,2638236932,197419,2476878423
PULP AND WASTE PAPER,U K,TON,229001,2984054524,164685,1970840430
PULP AND WASTE PAPER,UKRAINE,TON,498,5997065,1541,44060660
PULP AND WASTE PAPER,U S A,TON,1055783,18680507442,1186059,20350376518
PULP AND WASTE PAPER,URUGUAY,TON,4551,152450869,0,0
PULP AND WASTE PAPER,UZBEKISTAN,TON,0,0,103,1072498
PULP AND WASTE PAPER,VENEZUELA,TON,18,210930,0,0
PULP AND WASTE PAPER,VIETNAM SOC REP,TON,1267,33045109,4926,136708133
PULP AND WASTE PAPER,YEMEN REPUBLC,TON,6643,81929626,6270,84308670
PULP AND WASTE PAPER,UNSPECIFIED,TON,23873,351263821,1346,8659581
"SILK,RAW",AFGHANISTAN TIS,TON,6,1287386,0,0
"SILK,RAW",AUSTRALIA,TON,0,0,3,8072160
"SILK,RAW",AUSTRIA,TON,0,0,3,7799040
"SILK,RAW",BELGIUM,TON,1,2813874,0,0
"SILK,RAW",BRAZIL,TON,0,0,6,14408378
"SILK,RAW",TAIWAN,TON,23,35394978,15,34940031
"SILK,RAW",CHINA P RP,TON,5165,10242139474,4660,11697803136
"SILK,RAW",EGYPT A RP,TON,0,0,3,7721272
"SILK,RAW",FINLAND,TON,5,11081443,0,0
"SILK,RAW",FRANCE,TON,3,6920323,0,197046
"SILK,RAW",GERMANY,TON,34,71372667,6,15950311
"SILK,RAW",GREECE,TON,3,5753970,0,0
"SILK,RAW",HAITI,TON,2,4226793,0,0
"SILK,RAW",HONG KONG,TON,20,31803294,6,15632917
"SILK,RAW",INDONESIA,TON,9,21935205,8,19861760
"SILK,RAW",IRAN,TON,25,31332750,0,0
"SILK,RAW",ISRAEL,TON,0,0,5,10340076
"SILK,RAW",ITALY,TON,29,41734574,2,6217489
"SILK,RAW",JAPAN,TON,40,59426999,21,54047952
"SILK,RAW",KOREA RP,TON,44,98030097,46,104040901
"SILK,RAW",LUXEMBOURG,TON,3,6378481,0,0
"SILK,RAW",MALAYSIA,TON,21,35493560,16,41374853
"SILK,RAW",MYANMAR,TON,2,3531523,0,0
"SILK,RAW",NETHERLAND,TON,3,6585386,6,14297800
"SILK,RAW",NORWAY,TON,0,0,3,6805475
"SILK,RAW",ROMANIA,TON,0,0,2,6442126
"SILK,RAW",RUSSIA,TON,2,4103190,4,10055056
"SILK,RAW",SINGAPORE,TON,4,8156178,5,12189628
"SILK,RAW",SOUTH AFRICA,TON,6,12060711,9,21262158
"SILK,RAW",SPAIN,TON,3,7805448,5,12802253
"SILK,RAW",SRI LANKA DSR,TON,26,42469095,2,6114955
"SILK,RAW",SWEDEN,TON,2,4536327,3,7689802
"SILK,RAW",SWITZERLAND,TON,0,0,2,3500257
"SILK,RAW",THAILAND,TON,30,65598752,21,50815182
"SILK,RAW",TURKEY,TON,3,7203009,0,0
"SILK,RAW",TURKMENISTAN,TON,0,0,4,8494117
"SILK,RAW",U ARAB EMTS,TON,3,4599094,3,7704860
"SILK,RAW",U K,TON,21,45589707,14,37024611
"SILK,RAW",U S A,TON,51,97079238,4,11201906
"SILK,RAW",UZBEKISTAN,TON,80,69595663,50,80703642
"SILK,RAW",VIETNAM SOC REP,TON,16,29230151,14,32758999
SILK YARN & FABRICS,AUSTRALIA,NA,0,8491431,0,9117828
SILK YARN & FABRICS,AUSTRIA,NA,0,3151702,0,2408384
SILK YARN & FABRICS,BAHARAIN IS,NA,0,0,0,7175992
SILK YARN & FABRICS,BELGIUM,NA,0,20695827,0,1503879
SILK YARN & FABRICS,BRAZIL,NA,0,955187,0,0
SILK YARN & FABRICS,BULGARIA,NA,0,0,0,542312
SILK YARN & FABRICS,BELARUS,NA,0,439781,0,0
SILK YARN & FABRICS,CANADA,NA,0,7005,0,5228300
SILK YARN & FABRICS,CHAD,NA,0,0,0,1619550
SILK YARN & FABRICS,CHILE,NA,0,0,0,2858
SILK YARN & FABRICS,TAIWAN,NA,0,13671375,0,16734756
SILK YARN & FABRICS,CHINA P RP,NA,0,4409913752,0,3798254464
SILK YARN & FABRICS,CZECH REPUBLIC,NA,0,0,0,975475
SILK YARN & FABRICS,DENMARK,NA,0,649036,0,4911
SILK YARN & FABRICS,EGYPT A RP,NA,0,4230,0,0
SILK YARN & FABRICS,ESTONIA,NA,0,0,0,80213
SILK YARN & FABRICS,FINLAND,NA,0,1603724,0,0
SILK YARN & FABRICS,FRANCE,NA,0,20706736,0,9607190
SILK YARN & FABRICS,GERMANY,NA,0,51987909,0,27431563
SILK YARN & FABRICS,GHANA,NA,0,784145,0,0
SILK YARN & FABRICS,HONDURAS,NA,0,2538728,0,0
SILK YARN & FABRICS,HONG KONG,NA,0,54954203,0,13603143
SILK YARN & FABRICS,HUNGARY,NA,0,363212,0,3693034
SILK YARN & FABRICS,INDONESIA,NA,0,19286785,0,53941
SILK YARN & FABRICS,IRELAND,NA,0,544960,0,1613720
SILK YARN & FABRICS,ISRAEL,NA,0,2034000,0,435852
SILK YARN & FABRICS,ITALY,NA,0,53614300,0,43213852
SILK YARN & FABRICS,JAPAN,NA,0,15936345,0,17659280
SILK YARN & FABRICS,KOREA RP,NA,0,50444286,0,45495542
SILK YARN & FABRICS,LATVIA,NA,0,217661,0,0
SILK YARN & FABRICS,LITHUANIA,NA,0,586053,0,0
SILK YARN & FABRICS,MADAGASCAR,NA,0,3678088,0,0
SILK YARN & FABRICS,MALAYSIA,NA,0,35927711,0,5447687
SILK YARN & FABRICS,MYANMAR,NA,0,0,0,1655245
SILK YARN & FABRICS,MEXICO,NA,0,308075,0,0
SILK YARN & FABRICS,NETHERLAND,NA,0,3349505,0,5766938
SILK YARN & FABRICS,NIGERIA,NA,0,0,0,2765080
SILK YARN & FABRICS,NORWAY,NA,0,0,0,835904
SILK YARN & FABRICS,PAKISTAN IR,NA,0,7240642,0,4322735
SILK YARN & FABRICS,PHILIPPINES,NA,0,710513,0,6611167
SILK YARN & FABRICS,POLAND,NA,0,2076953,0,0
SILK YARN & FABRICS,PUERTO RICO,NA,0,977185,0,0
SILK YARN & FABRICS,ROMANIA,NA,0,0,0,2471363
SILK YARN & FABRICS,RUSSIA,NA,0,1560996,0,0
SILK YARN & FABRICS,SAUDI ARAB,NA,0,3590046,0,0
SILK YARN & FABRICS,SLOVAK REP,NA,0,29468,0,0
SILK YARN & FABRICS,SINGAPORE,NA,0,15503553,0,15271692
SILK YARN & FABRICS,SLOVENIA,NA,0,1637751,0,0
SILK YARN & FABRICS,SOUTH AFRICA,NA,0,2001885,0,3732257
SILK YARN & FABRICS,SPAIN,NA,0,5811551,0,4578614
SILK YARN & FABRICS,SRI LANKA DSR,NA,0,8163590,0,0
SILK YARN & FABRICS,SUDAN,NA,0,4023000,0,0
SILK YARN & FABRICS,SWEDEN,NA,0,28863,0,0
SILK YARN & FABRICS,SWITZERLAND,NA,0,2457844,0,6920128
SILK YARN & FABRICS,THAILAND,NA,0,21256897,0,10924706
SILK YARN & FABRICS,TURKEY,NA,0,4248234,0,816827
SILK YARN & FABRICS,U ARAB EMTS,NA,0,8133406,0,16405084
SILK YARN & FABRICS,U K,NA,0,21171444,0,20015219
SILK YARN & FABRICS,U S A,NA,0,80370328,0,45447996
SILK YARN & FABRICS,UZBEKISTAN,NA,0,2352338,0,322983
SILK YARN & FABRICS,VIETNAM SOC REP,NA,0,207563860,0,202010866
SILK YARN & FABRICS,UNSPECIFIED,NA,0,1132373,0,808391
RAW HIDES & SKINS,ALGERIA,NA,0,29509048,0,21239257
RAW HIDES & SKINS,ARGENTINA,NA,0,40944610,0,56658068
RAW HIDES & SKINS,AUSTRALIA,NA,0,97473580,0,54722399
RAW HIDES & SKINS,AUSTRIA,NA,0,806026,0,18083544
RAW HIDES & SKINS,AZERBAIJAN,NA,0,0,0,44588700
RAW HIDES & SKINS,BANGLADESH PR,NA,0,17344497,0,95910931
RAW HIDES & SKINS,BELGIUM,NA,0,1241203,0,5574308
RAW HIDES & SKINS,BOLIVIA,NA,0,2502783,0,0
RAW HIDES & SKINS,BOSNIA-HRZGOVIN,NA,0,3025923,0,0
RAW HIDES & SKINS,BRAZIL,NA,0,16285714,0,26840841
RAW HIDES & SKINS,BRUNEI,NA,0,8965975,0,3106124
RAW HIDES & SKINS,BURUNDI,NA,0,4714272,0,0
RAW HIDES & SKINS,BELARUS,NA,0,23705129,0,4431133
RAW HIDES & SKINS,CANADA,NA,0,10166020,0,3275699
RAW HIDES & SKINS,TAIWAN,NA,0,53043939,0,14986810
RAW HIDES & SKINS,CHINA P RP,NA,0,282663364,0,174573289
RAW HIDES & SKINS,COLOMBIA,NA,0,2278478,0,0
RAW HIDES & SKINS,CUBA,NA,0,1224334,0,0
RAW HIDES & SKINS,CZECH REPUBLIC,NA,0,12911297,0,8699555
RAW HIDES & SKINS,DENMARK,NA,0,3447423,0,526145
RAW HIDES & SKINS,DJIBOUTI,NA,0,29449467,0,28490317
RAW HIDES & SKINS,DOMINIC REP,NA,0,5477543,0,0
RAW HIDES & SKINS,ECUADOR,NA,0,6782277,0,4532002
RAW HIDES & SKINS,EGYPT A RP,NA,0,80078520,0,38598408
RAW HIDES & SKINS,ESTONIA,NA,0,2821000,0,0
RAW HIDES & SKINS,ETHIOPIA,NA,0,10742382,0,6679785
RAW HIDES & SKINS,FINLAND,NA,0,2585046,0,1039585
RAW HIDES & SKINS,FRANCE,NA,0,105703542,0,169673694
RAW HIDES & SKINS,GEORGIA,NA,0,0,0,8831183
RAW HIDES & SKINS,GERMANY,NA,0,181243388,0,160222077
RAW HIDES & SKINS,GREECE,NA,0,7386101,0,0
RAW HIDES & SKINS,GUINEA,NA,0,10238927,0,6178886
RAW HIDES & SKINS,HONDURAS,NA,0,2002980,0,0
RAW HIDES & SKINS,HONG KONG,NA,0,34060728,0,47137160
RAW HIDES & SKINS,HUNGARY,NA,0,2221275,0,1115388
RAW HIDES & SKINS,ICELAND,NA,0,9334859,0,0
RAW HIDES & SKINS,INDONESIA,NA,0,14152856,0,7735161
RAW HIDES & SKINS,IRAN,NA,0,156136454,0,244439180
RAW HIDES & SKINS,IRAQ,NA,0,94173171,0,121933608
RAW HIDES & SKINS,IRELAND,NA,0,1176364,0,0
RAW HIDES & SKINS,ISRAEL,NA,0,629780,0,396058
RAW HIDES & SKINS,ITALY,NA,0,222967170,0,449567838
RAW HIDES & SKINS,JAPAN,NA,0,14062073,0,11314544
RAW HIDES & SKINS,JORDAN,NA,0,0,0,4346582
RAW HIDES & SKINS,KENYA,NA,0,179037189,0,151179364
RAW HIDES & SKINS,KOREA RP,NA,0,28199198,0,30247324
RAW HIDES & SKINS,KUWAIT,NA,0,3176085,0,0
RAW HIDES & SKINS,LEBANON,NA,0,0,0,23107995
RAW HIDES & SKINS,LIBYA,NA,0,0,0,18989926
RAW HIDES & SKINS,MADAGASCAR,NA,0,12096184,0,3635646
RAW HIDES & SKINS,MALAWI,NA,0,0,0,17830891
RAW HIDES & SKINS,MALAYSIA,NA,0,43864143,0,17263877
RAW HIDES & SKINS,MAURITANIA,NA,0,6325749,0,2838061
RAW HIDES & SKINS,MYANMAR,NA,0,63569855,0,20239775
RAW HIDES & SKINS,MEXICO,NA,0,1782534,0,1543989
RAW HIDES & SKINS,MOROCCO,NA,0,0,0,9145922
RAW HIDES & SKINS,MOZAMBIQUE,NA,0,0,0,6157683
RAW HIDES & SKINS,NEPAL,NA,0,15988256,0,23186603
RAW HIDES & SKINS,NETHERLAND,NA,0,137775913,0,118915834
RAW HIDES & SKINS,NEW ZEALAND,NA,0,387774250,0,270372303
RAW HIDES & SKINS,NIGERIA,NA,0,22363820,0,6819112
RAW HIDES & SKINS,NORWAY,NA,0,47438545,0,23891961
RAW HIDES & SKINS,OMAN,NA,0,7529595,0,32506376
RAW HIDES & SKINS,PAKISTAN IR,NA,0,39047717,0,57006875
RAW HIDES & SKINS,PANAMA REPUBLIC,NA,0,5223359,0,367490
RAW HIDES & SKINS,PERU,NA,0,9715557,0,31315552
RAW HIDES & SKINS,PHILIPPINES,NA,0,19188430,0,22261750
RAW HIDES & SKINS,POLAND,NA,0,52607378,0,462991
RAW HIDES & SKINS,PORTUGAL,NA,0,12350101,0,9308951
RAW HIDES & SKINS,QATAR,NA,0,4743935,0,0
RAW HIDES & SKINS,ROMANIA,NA,0,0,0,2275713
RAW HIDES & SKINS,RUSSIA,NA,0,9497735,0,5314062
RAW HIDES & SKINS,SAUDI ARAB,NA,0,147239347,0,242949324
RAW HIDES & SKINS,SENEGAL,NA,0,21943385,0,33933106
RAW HIDES & SKINS,SINGAPORE,NA,0,13949192,0,6490464
RAW HIDES & SKINS,SLOVENIA,NA,0,545649,0,0
RAW HIDES & SKINS,SOMALIA,NA,0,86018074,0,100461449
RAW HIDES & SKINS,SOUTH AFRICA,NA,0,26957716,0,106316951
RAW HIDES & SKINS,SPAIN,NA,0,184292112,0,73650978
RAW HIDES & SKINS,SRI LANKA DSR,NA,0,7288964,0,1164335
RAW HIDES & SKINS,SUDAN,NA,0,55647445,0,61383725
RAW HIDES & SKINS,SURINAME,NA,0,1394107,0,0
RAW HIDES & SKINS,SWEDEN,NA,0,38198529,0,4748484
RAW HIDES & SKINS,SWITZERLAND,NA,0,31804940,0,17832947
RAW HIDES & SKINS,SYRIA,NA,0,116697120,0,89920675
RAW HIDES & SKINS,TANZANIA REP,NA,0,210197419,0,47708604
RAW HIDES & SKINS,THAILAND,NA,0,51553834,0,13479960
RAW HIDES & SKINS,TUNISIA,NA,0,42552501,0,62663488
RAW HIDES & SKINS,TURKEY,NA,0,65037200,0,136888310
RAW HIDES & SKINS,TURKMENISTAN,NA,0,5321790,0,15372
RAW HIDES & SKINS,UGANDA,NA,0,32830395,0,7921254
RAW HIDES & SKINS,U ARAB EMTS,NA,0,128708613,0,143476373
RAW HIDES & SKINS,U K,NA,0,113318671,0,63020383
RAW HIDES & SKINS,UKRAINE,NA,0,9718380,0,21298340
RAW HIDES & SKINS,U S A,NA,0,145466468,0,72968492
RAW HIDES & SKINS,URUGUAY,NA,0,12484475,0,6634863
RAW HIDES & SKINS,UZBEKISTAN,NA,0,0,0,3153667
RAW HIDES & SKINS,VENEZUELA,NA,0,1655256,0,0
RAW HIDES & SKINS,VIETNAM SOC REP,NA,0,5236844,0,16285964
RAW HIDES & SKINS,YEMEN REPUBLC,NA,0,138484814,0,261698512
RAW HIDES & SKINS,ZAMBIA,NA,0,1138744,0,0
"PETROLEUM, CRUDE & PRODUCTS",AFGHANISTAN TIS,TON,0,0,19,1507280
"PETROLEUM, CRUDE & PRODUCTS",ALBANIA,TON,115382,4752442419,41687,1390147861
"PETROLEUM, CRUDE & PRODUCTS",ALGERIA,TON,2373567,1.03484E+11,809627,36209535041
"PETROLEUM, CRUDE & PRODUCTS",ANGOLA,TON,7976415,3.14866E+11,10091752,4.44765E+11
"PETROLEUM, CRUDE & PRODUCTS",ANTIGUA,TON,161,163658,427,426100
"PETROLEUM, CRUDE & PRODUCTS",ARGENTINA,TON,74,3829933,105,3798813
"PETROLEUM, CRUDE & PRODUCTS",AUSTRALIA,TON,695973,26412200066,323347,14350561896
"PETROLEUM, CRUDE & PRODUCTS",AUSTRIA,TON,401,16860402,0,73926
"PETROLEUM, CRUDE & PRODUCTS",AZERBAIJAN,TON,1008478,40262093453,2159348,88277958802
"PETROLEUM, CRUDE & PRODUCTS",BAHAMAS,TON,34,718543,143220,5534039766
"PETROLEUM, CRUDE & PRODUCTS",BAHARAIN IS,TON,605941,27948991934,413147,20107281604
"PETROLEUM, CRUDE & PRODUCTS",BANGLADESH PR,TON,18587,824914021,38672,2134690589
"PETROLEUM, CRUDE & PRODUCTS",BELGIUM,TON,100086,6458095789,3974,351051231
"PETROLEUM, CRUDE & PRODUCTS",BENIN,TON,8725,384894409,887,44940828
"PETROLEUM, CRUDE & PRODUCTS",BHUTAN,TON,0,0,57,3771288
"PETROLEUM, CRUDE & PRODUCTS",BRAZIL,TON,3801674,1.37613E+11,3748884,1.46438E+11
"PETROLEUM, CRUDE & PRODUCTS",BRUNEI,TON,863676,34856370071,1146540,54855290462
"PETROLEUM, CRUDE & PRODUCTS",BULGARIA,TON,104,1564157,72,4025730
"PETROLEUM, CRUDE & PRODUCTS",BURKINA FASO,TON,73,1262816,0,0
"PETROLEUM, CRUDE & PRODUCTS",CAMEROON,TON,580387,23325044655,527657,21946863777
"PETROLEUM, CRUDE & PRODUCTS",CANADA,TON,1109,147656741,142757,5570363967
"PETROLEUM, CRUDE & PRODUCTS",CAPE VERDE IS,TON,0,0,95,6538269
"PETROLEUM, CRUDE & PRODUCTS",CHAD,TON,0,0,139820,5762353407
"PETROLEUM, CRUDE & PRODUCTS",CHILE,TON,41,1851809,117096,1150713420
"PETROLEUM, CRUDE & PRODUCTS",TAIWAN,TON,379292,16638245202,322667,15752300041
"PETROLEUM, CRUDE & PRODUCTS",CHINA P RP,TON,1407016,39829886550,1103558,36661142842
"PETROLEUM, CRUDE & PRODUCTS",COLOMBIA,TON,746717,23339758114,3057597,1.14482E+11
"PETROLEUM, CRUDE & PRODUCTS",CONGO P REP,TON,316389,10436208475,552067,22411706362
"PETROLEUM, CRUDE & PRODUCTS",COSTA RICA,TON,126,3293848,0,0
"PETROLEUM, CRUDE & PRODUCTS",CYPRUS,TON,883,2829474,111,111100
"PETROLEUM, CRUDE & PRODUCTS",CZECH REPUBLIC,TON,95,7343645,152,7121858
"PETROLEUM, CRUDE & PRODUCTS",DENMARK,TON,5297,87151764,30,1438095
"PETROLEUM, CRUDE & PRODUCTS",ECUADOR,TON,0,0,1128663,43839248884
"PETROLEUM, CRUDE & PRODUCTS",EGYPT A RP,TON,3561201,1.236E+11,2995975,1.15024E+11
"PETROLEUM, CRUDE & PRODUCTS",ESTONIA,TON,35,2107271,0,0
"PETROLEUM, CRUDE & PRODUCTS",ETHIOPIA,TON,3242,136542656,0,0
"PETROLEUM, CRUDE & PRODUCTS",EQUTL GUINEA,TON,232542,10420206243,653031,28345903845
"PETROLEUM, CRUDE & PRODUCTS",FINLAND,TON,196,9486937,2803,138834199
"PETROLEUM, CRUDE & PRODUCTS",FRANCE,TON,19696,1369633336,76399,3636805755
"PETROLEUM, CRUDE & PRODUCTS",FR GUIANA,TON,130317,5063531953,0,0
"PETROLEUM, CRUDE & PRODUCTS",GABON,TON,89802,3993876475,997940,40354873631
"PETROLEUM, CRUDE & PRODUCTS",GEORGIA,TON,38,3068460,15270,299887112
"PETROLEUM, CRUDE & PRODUCTS",GERMANY,TON,24921,1674518136,16527,1719468878
"PETROLEUM, CRUDE & PRODUCTS",GHANA,TON,16,832674,511,14005083
"PETROLEUM, CRUDE & PRODUCTS",GREECE,TON,15000,384093460,981,69123292
"PETROLEUM, CRUDE & PRODUCTS",GUADELOUPE,TON,706,54003264,0,0
"PETROLEUM, CRUDE & PRODUCTS",GUINEA,TON,144805,6773549049,664194,27055730653
"PETROLEUM, CRUDE & PRODUCTS",GUINEA BISSAU,TON,53794,2090375826,10,21000
"PETROLEUM, CRUDE & PRODUCTS",HONG KONG,TON,45062,625325474,5757,275576438
"PETROLEUM, CRUDE & PRODUCTS",HUNGARY,TON,418,42740487,4009,210692903
"PETROLEUM, CRUDE & PRODUCTS",INDONESIA,TON,261114,5110827611,226254,6311553137
"PETROLEUM, CRUDE & PRODUCTS",IRAN,TON,14796228,5.55719E+11,13334090,5.26913E+11
"PETROLEUM, CRUDE & PRODUCTS",IRAQ,TON,23778037,9.01922E+11,25374113,1.08891E+12
"PETROLEUM, CRUDE & PRODUCTS",IRELAND,TON,33,5344752,42,3117261
"PETROLEUM, CRUDE & PRODUCTS",ISRAEL,TON,84686,3592522426,49,4165894
"PETROLEUM, CRUDE & PRODUCTS",ITALY,TON,7820,615435298,15864,1066068171
"PETROLEUM, CRUDE & PRODUCTS",COTE D' IVOIRE,TON,196940,8200712749,167,9475764
"PETROLEUM, CRUDE & PRODUCTS",JAPAN,TON,258305,10823539478,31239,2534966617
"PETROLEUM, CRUDE & PRODUCTS",KAZAKHSTAN,TON,2979,49761451,3094,67363912
"PETROLEUM, CRUDE & PRODUCTS",KENYA,TON,17,1640637,46,5998279
"PETROLEUM, CRUDE & PRODUCTS",KOREA DP RP,TON,2620,162402322,0,0
"PETROLEUM, CRUDE & PRODUCTS",KOREA RP,TON,846658,46211701116,683877,41556150586
"PETROLEUM, CRUDE & PRODUCTS",KUWAIT,TON,19599691,7.57709E+11,20306796,8.57121E+11
"PETROLEUM, CRUDE & PRODUCTS",LEBANON,TON,0,0,299,9275679
"PETROLEUM, CRUDE & PRODUCTS",LIBERIA,TON,7416,7504100,5101,13799640
"PETROLEUM, CRUDE & PRODUCTS",LIBYA,TON,45032,1916298280,2034667,92272449223
"PETROLEUM, CRUDE & PRODUCTS",LUXEMBOURG,TON,1,10774,20,1518554
"PETROLEUM, CRUDE & PRODUCTS",MACAO,TON,0,0,20,1683000
"PETROLEUM, CRUDE & PRODUCTS",MADAGASCAR,TON,67,4151626,86,2196395
"PETROLEUM, CRUDE & PRODUCTS",MALAWI,TON,40,1875222,0,0
"PETROLEUM, CRUDE & PRODUCTS",MALAYSIA,TON,2593848,1.09691E+11,2847311,1.34241E+11
"PETROLEUM, CRUDE & PRODUCTS",MALDIVES,TON,13474,572730015,36,561708
"PETROLEUM, CRUDE & PRODUCTS",MALI,TON,56,11102972,0,0
"PETROLEUM, CRUDE & PRODUCTS",MALTA,TON,0,0,15,29920
"PETROLEUM, CRUDE & PRODUCTS",MARSHALL ISLAND,TON,241,278390,33,66620
"PETROLEUM, CRUDE & PRODUCTS",MAURITIUS,TON,11988,354668948,21,1775182
"PETROLEUM, CRUDE & PRODUCTS",MYANMAR,TON,10199,556347173,3606,207694793
"PETROLEUM, CRUDE & PRODUCTS",MEXICO,TON,2364568,82579652189,4628256,1.76592E+11
"PETROLEUM, CRUDE & PRODUCTS",MOROCCO,TON,16,1374823,240,6741309
"PETROLEUM, CRUDE & PRODUCTS",NAMIBIA,TON,75,891777,111,223815
"PETROLEUM, CRUDE & PRODUCTS",NETHERLAND,TON,242308,9450713226,892533,39537679513
"PETROLEUM, CRUDE & PRODUCTS",NETHERLANDANTIL,TON,5,449875,199,15239851
"PETROLEUM, CRUDE & PRODUCTS",NEW ZEALAND,TON,367,8069038,77,4368106
"PETROLEUM, CRUDE & PRODUCTS",NICARAGUA,TON,0,0,76627,4148199706
"PETROLEUM, CRUDE & PRODUCTS",NIGER,TON,0,0,116750,3861870689
"PETROLEUM, CRUDE & PRODUCTS",NIGERIA,TON,16743270,6.90684E+11,16123252,7.40881E+11
"PETROLEUM, CRUDE & PRODUCTS",NORWAY,TON,2973,139333808,6701,415177204
"PETROLEUM, CRUDE & PRODUCTS",OMAN,TON,2589749,96661368730,618308,26461820334
"PETROLEUM, CRUDE & PRODUCTS",PAKISTAN IR,TON,25997,1106544089,31700,1680312394
"PETROLEUM, CRUDE & PRODUCTS",PANAMA REPUBLIC,TON,202123,5503387548,58051,2326671671
"PETROLEUM, CRUDE & PRODUCTS",PANAMA C Z,TON,103743,2653116877,0,0
"PETROLEUM, CRUDE & PRODUCTS",PAPUA N GNA,TON,63,1683759,0,0
"PETROLEUM, CRUDE & PRODUCTS",PERU,TON,18,2512965,0,0
"PETROLEUM, CRUDE & PRODUCTS",PHILIPPINES,TON,323,32622178,158,22870728
"PETROLEUM, CRUDE & PRODUCTS",POLAND,TON,159,9142702,24594,1153973673
"PETROLEUM, CRUDE & PRODUCTS",PORTUGAL,TON,3775,223948831,2,62709
"PETROLEUM, CRUDE & PRODUCTS",QATAR,TON,18080814,5.60412E+11,20705230,7.90332E+11
"PETROLEUM, CRUDE & PRODUCTS",REUNION,TON,96,1837457,0,0
"PETROLEUM, CRUDE & PRODUCTS",ROMANIA,TON,565,23851610,49044,1470557918
"PETROLEUM, CRUDE & PRODUCTS",RUSSIA,TON,3751,212343959,166147,7615289674
"PETROLEUM, CRUDE & PRODUCTS",SAUDI ARAB,TON,33571839,1.34211E+12,36436183,1.61677E+12
"PETROLEUM, CRUDE & PRODUCTS",SENEGAL,TON,0,0,3,1787898
"PETROLEUM, CRUDE & PRODUCTS",SERBIA MONTNGRO,TON,0,0,88,3562315
"PETROLEUM, CRUDE & PRODUCTS",SLOVAK REP,TON,20,1928920,0,0
"PETROLEUM, CRUDE & PRODUCTS",SINGAPORE,TON,2386472,1.04339E+11,844939,46014295431
"PETROLEUM, CRUDE & PRODUCTS",SLOVENIA,TON,151,7157306,134,134300
"PETROLEUM, CRUDE & PRODUCTS",SOUTH AFRICA,TON,22643,1180184971,17462,1150171582
"PETROLEUM, CRUDE & PRODUCTS",SPAIN,TON,118169,1367384723,148580,5323458884
"PETROLEUM, CRUDE & PRODUCTS",SRI LANKA DSR,TON,44500,1364088139,2509,110261163
"PETROLEUM, CRUDE & PRODUCTS",SUDAN,TON,522288,17178153159,83533,3876453891
"PETROLEUM, CRUDE & PRODUCTS",SWAZILAND,TON,5,185023,2,322581
"PETROLEUM, CRUDE & PRODUCTS",SWEDEN,TON,120512,4608736367,8318,600407204
"PETROLEUM, CRUDE & PRODUCTS",SWITZERLAND,TON,2365,141770432,186,12349232
"PETROLEUM, CRUDE & PRODUCTS",SYRIA,TON,166681,7300277532,82650,3433300573
"PETROLEUM, CRUDE & PRODUCTS",TAJIKISTAN,TON,332,6100263,252,4288477
"PETROLEUM, CRUDE & PRODUCTS",TANZANIA REP,TON,0,0,20,1624794
"PETROLEUM, CRUDE & PRODUCTS",THAILAND,TON,83266,3077169478,59817,2897018894
"PETROLEUM, CRUDE & PRODUCTS",TOGO,TON,16,724411,0,0
"PETROLEUM, CRUDE & PRODUCTS",TRINIDAD,TON,319526,9153104035,0,0
"PETROLEUM, CRUDE & PRODUCTS",TUNISIA,TON,34901,1521995803,0,0
"PETROLEUM, CRUDE & PRODUCTS",TURKEY,TON,1070,74031117,14440,477498712
"PETROLEUM, CRUDE & PRODUCTS",U ARAB EMTS,TON,17168628,6.98848E+11,18060219,8.06184E+11
"PETROLEUM, CRUDE & PRODUCTS",U K,TON,119689,4523470820,90184,2859365114
"PETROLEUM, CRUDE & PRODUCTS",UKRAINE,TON,8588,452731556,4755,263909145
"PETROLEUM, CRUDE & PRODUCTS",U S A,TON,1462048,39478960707,2866229,52707585204
"PETROLEUM, CRUDE & PRODUCTS",UZBEKISTAN,TON,4941,170129152,584,7909556
"PETROLEUM, CRUDE & PRODUCTS",VENEZUELA,TON,9466282,3.2024E+11,20768994,7.67701E+11
"PETROLEUM, CRUDE & PRODUCTS",VIETNAM SOC REP,TON,3446,148750830,195,15973637
"PETROLEUM, CRUDE & PRODUCTS",YEMEN REPUBLC,TON,1232233,47334371525,1086881,46334849649
"PETROLEUM, CRUDE & PRODUCTS",UNSPECIFIED,TON,156937,5223488559,25658,811458445
"PRNTD BOOKS,NWSPAPRS,JRNLS ETC",AFGHANISTAN TIS,NA,0,7823,0,0
"PRNTD BOOKS,NWSPAPRS,JRNLS ETC",ANGOLA,NA,0,56850,0,0
"PRNTD BOOKS,NWSPAPRS,JRNLS ETC",ARGENTINA,NA,0,243484,0,199429
"PRNTD BOOKS,NWSPAPRS,JRNLS ETC",AUSTRALIA,NA,0,346438161,0,42856389
"PRNTD BOOKS,NWSPAPRS,JRNLS ETC",AUSTRIA,NA,0,166564172,0,42648256
"PRNTD BOOKS,NWSPAPRS,JRNLS ETC",BAHARAIN IS,NA,0,211858831,0,187404758
"PRNTD BOOKS,NWSPAPRS,JRNLS ETC",BANGLADESH PR,NA,0,13831276,0,14122495
"PRNTD BOOKS,NWSPAPRS,JRNLS ETC",BARBADOS,NA,0,0,0,5556
"PRNTD BOOKS,NWSPAPRS,JRNLS ETC",BELGIUM,NA,0,58454311,0,54235762
"PRNTD BOOKS,NWSPAPRS,JRNLS ETC",BENIN,NA,0,56676,0,35150
"PRNTD BOOKS,NWSPAPRS,JRNLS ETC",BOLIVIA,NA,0,134100,0,1168120
"PRNTD BOOKS,NWSPAPRS,JRNLS ETC",BOSNIA-HRZGOVIN,NA,0,0,0,1327
"PRNTD BOOKS,NWSPAPRS,JRNLS ETC",BRAZIL,NA,0,25544930,0,9182621
"PRNTD BOOKS,NWSPAPRS,JRNLS ETC",BULGARIA,NA,0,739888,0,75056
"PRNTD BOOKS,NWSPAPRS,JRNLS ETC",BELARUS,NA,0,188230,0,4870
"PRNTD BOOKS,NWSPAPRS,JRNLS ETC",CAMBODIA,NA,0,0,0,11550
"PRNTD BOOKS,NWSPAPRS,JRNLS ETC",CANADA,NA,0,127154890,0,275109733
"PRNTD BOOKS,NWSPAPRS,JRNLS ETC",CHILE,NA,0,233722,0,20767
"PRNTD BOOKS,NWSPAPRS,JRNLS ETC",TAIWAN,NA,0,75156212,0,123501557
"PRNTD BOOKS,NWSPAPRS,JRNLS ETC",CHINA P RP,NA,0,1910940147,0,2177123156
"PRNTD BOOKS,NWSPAPRS,JRNLS ETC",COLOMBIA,NA,0,508878,0,0
"PRNTD BOOKS,NWSPAPRS,JRNLS ETC",COSTA RICA,NA,0,65676240,0,246760
"PRNTD BOOKS,NWSPAPRS,JRNLS ETC",CROATIA,NA,0,64679,0,60820
"PRNTD BOOKS,NWSPAPRS,JRNLS ETC",CYPRUS,NA,0,60946,0,81585
"PRNTD BOOKS,NWSPAPRS,JRNLS ETC",CZECH REPUBLIC,NA,0,4812898,0,64743591
"PRNTD BOOKS,NWSPAPRS,JRNLS ETC",DENMARK,NA,0,19848595,0,10848839
"PRNTD BOOKS,NWSPAPRS,JRNLS ETC",DOMINIC REP,NA,0,6468,0,0
"PRNTD BOOKS,NWSPAPRS,JRNLS ETC",ECUADOR,NA,0,502005,0,0
"PRNTD BOOKS,NWSPAPRS,JRNLS ETC",EGYPT A RP,NA,0,1422256,0,1677154
"PRNTD BOOKS,NWSPAPRS,JRNLS ETC",EL SALVADOR,NA,0,2376591,0,0
"PRNTD BOOKS,NWSPAPRS,JRNLS ETC",ESTONIA,NA,0,180848,0,6955
"PRNTD BOOKS,NWSPAPRS,JRNLS ETC",ETHIOPIA,NA,0,112292,0,84508
"PRNTD BOOKS,NWSPAPRS,JRNLS ETC",FINLAND,NA,0,159339712,0,152265420
"PRNTD BOOKS,NWSPAPRS,JRNLS ETC",FIJI IS,NA,0,24703,0,0
"PRNTD BOOKS,NWSPAPRS,JRNLS ETC",FRANCE,NA,0,199127451,0,312250676
"PRNTD BOOKS,NWSPAPRS,JRNLS ETC",GABON,NA,0,0,0,8025
"PRNTD BOOKS,NWSPAPRS,JRNLS ETC",GEORGIA,NA,0,12863,0,6666
"PRNTD BOOKS,NWSPAPRS,JRNLS ETC",GERMANY,NA,0,2130364373,0,3662803306
"PRNTD BOOKS,NWSPAPRS,JRNLS ETC",GHANA,NA,0,679675,0,145981
"PRNTD BOOKS,NWSPAPRS,JRNLS ETC",GREECE,NA,0,132809,0,218620
"PRNTD BOOKS,NWSPAPRS,JRNLS ETC",GUADELOUPE,NA,0,131750,0,0
"PRNTD BOOKS,NWSPAPRS,JRNLS ETC",HAITI,NA,0,0,0,8191
"PRNTD BOOKS,NWSPAPRS,JRNLS ETC",HONDURAS,NA,0,2856,0,0
"PRNTD BOOKS,NWSPAPRS,JRNLS ETC",HONG KONG,NA,0,1801677322,0,1745162175
"PRNTD BOOKS,NWSPAPRS,JRNLS ETC",HUNGARY,NA,0,101071050,0,32504692
"PRNTD BOOKS,NWSPAPRS,JRNLS ETC",ICELAND,NA,0,9386,0,0
"PRNTD BOOKS,NWSPAPRS,JRNLS ETC",INDONESIA,NA,0,47626065,0,23910523
"PRNTD BOOKS,NWSPAPRS,JRNLS ETC",IRAN,NA,0,974135,0,15212756
"PRNTD BOOKS,NWSPAPRS,JRNLS ETC",IRAQ,NA,0,0,0,166532
"PRNTD BOOKS,NWSPAPRS,JRNLS ETC",IRELAND,NA,0,303659893,0,323050307
"PRNTD BOOKS,NWSPAPRS,JRNLS ETC",ISRAEL,NA,0,80022725,0,85800453
"PRNTD BOOKS,NWSPAPRS,JRNLS ETC",ITALY,NA,0,706156130,0,616486616
"PRNTD BOOKS,NWSPAPRS,JRNLS ETC",COTE D' IVOIRE,NA,0,83129,0,444400
"PRNTD BOOKS,NWSPAPRS,JRNLS ETC",JAMAICA,NA,0,0,0,795411
"PRNTD BOOKS,NWSPAPRS,JRNLS ETC",JAPAN,NA,0,773373482,0,491969959
"PRNTD BOOKS,NWSPAPRS,JRNLS ETC",JORDAN,NA,0,1053050,0,54124108
"PRNTD BOOKS,NWSPAPRS,JRNLS ETC",KAZAKHSTAN,NA,0,65128,0,67912
"PRNTD BOOKS,NWSPAPRS,JRNLS ETC",KENYA,NA,0,179357,0,306476
"PRNTD BOOKS,NWSPAPRS,JRNLS ETC",KOREA DP RP,NA,0,0,0,2575
"PRNTD BOOKS,NWSPAPRS,JRNLS ETC",KOREA RP,NA,0,675418552,0,534916300
"PRNTD BOOKS,NWSPAPRS,JRNLS ETC",KUWAIT,NA,0,196965,0,3971451
"PRNTD BOOKS,NWSPAPRS,JRNLS ETC",LATVIA,NA,0,2697970,0,54401
"PRNTD BOOKS,NWSPAPRS,JRNLS ETC",LEBANON,NA,0,27822689,0,6159805
"PRNTD BOOKS,NWSPAPRS,JRNLS ETC",LIBERIA,NA,0,0,0,4747
"PRNTD BOOKS,NWSPAPRS,JRNLS ETC",LIBYA,NA,0,0,0,91729
"PRNTD BOOKS,NWSPAPRS,JRNLS ETC",LIECHTENSTEIN,NA,0,0,0,15772
"PRNTD BOOKS,NWSPAPRS,JRNLS ETC",LITHUANIA,NA,0,3050992,0,213750
"PRNTD BOOKS,NWSPAPRS,JRNLS ETC",LUXEMBOURG,NA,0,28200,0,348138
"PRNTD BOOKS,NWSPAPRS,JRNLS ETC",MACAO,NA,0,31469,0,29758
"PRNTD BOOKS,NWSPAPRS,JRNLS ETC",MACEDONIA,NA,0,10145,0,0
"PRNTD BOOKS,NWSPAPRS,JRNLS ETC",MADAGASCAR,NA,0,0,0,37420
"PRNTD BOOKS,NWSPAPRS,JRNLS ETC",MALAWI,NA,0,0,0,336040
"PRNTD BOOKS,NWSPAPRS,JRNLS ETC",MALAYSIA,NA,0,123974939,0,153884740
"PRNTD BOOKS,NWSPAPRS,JRNLS ETC",MALDIVES,NA,0,0,0,32833
"PRNTD BOOKS,NWSPAPRS,JRNLS ETC",MALTA,NA,0,39564,0,235919
"PRNTD BOOKS,NWSPAPRS,JRNLS ETC",MARSHALL ISLAND,NA,0,45045,0,0
"PRNTD BOOKS,NWSPAPRS,JRNLS ETC",MAURITIUS,NA,0,273629,0,624798
"PRNTD BOOKS,NWSPAPRS,JRNLS ETC",MYANMAR,NA,0,35710,0,794868
"PRNTD BOOKS,NWSPAPRS,JRNLS ETC",MEXICO,NA,0,100428654,0,186365736
"PRNTD BOOKS,NWSPAPRS,JRNLS ETC",MONACO,NA,0,29047,0,25993
"PRNTD BOOKS,NWSPAPRS,JRNLS ETC",MOROCCO,NA,0,261968,0,17398
"PRNTD BOOKS,NWSPAPRS,JRNLS ETC",MOZAMBIQUE,NA,0,0,0,1750049
"PRNTD BOOKS,NWSPAPRS,JRNLS ETC",NAMIBIA,NA,0,165300,0,11110
"PRNTD BOOKS,NWSPAPRS,JRNLS ETC",NEPAL,NA,0,4320736,0,4165139
"PRNTD BOOKS,NWSPAPRS,JRNLS ETC",NETHERLAND,NA,0,237388710,0,922195629
"PRNTD BOOKS,NWSPAPRS,JRNLS ETC",NETHERLANDANTIL,NA,0,967296,0,342299
"PRNTD BOOKS,NWSPAPRS,JRNLS ETC",NEW ZEALAND,NA,0,22937276,0,3233338
"PRNTD BOOKS,NWSPAPRS,JRNLS ETC",NIGERIA,NA,0,0,0,2413266
"PRNTD BOOKS,NWSPAPRS,JRNLS ETC",NORWAY,NA,0,2978061,0,52530992
"PRNTD BOOKS,NWSPAPRS,JRNLS ETC",OMAN,NA,0,1604885,0,1042396
"PRNTD BOOKS,NWSPAPRS,JRNLS ETC",PAKISTAN IR,NA,0,18057098,0,20924392
"PRNTD BOOKS,NWSPAPRS,JRNLS ETC",PANAMA REPUBLIC,NA,0,1994678,0,0
"PRNTD BOOKS,NWSPAPRS,JRNLS ETC",PERU,NA,0,4362,0,0
"PRNTD BOOKS,NWSPAPRS,JRNLS ETC",PHILIPPINES,NA,0,11495070,0,10601139
"PRNTD BOOKS,NWSPAPRS,JRNLS ETC",POLAND,NA,0,17141204,0,194429014
"PRNTD BOOKS,NWSPAPRS,JRNLS ETC",PORTUGAL,NA,0,1123212,0,4144220
"PRNTD BOOKS,NWSPAPRS,JRNLS ETC",PUERTO RICO,NA,0,3257134,0,3133648
"PRNTD BOOKS,NWSPAPRS,JRNLS ETC",QATAR,NA,0,3429285,0,2896327
"PRNTD BOOKS,NWSPAPRS,JRNLS ETC",REUNION,NA,0,305320,0,535016
"PRNTD BOOKS,NWSPAPRS,JRNLS ETC",ROMANIA,NA,0,10931834,0,3643812
"PRNTD BOOKS,NWSPAPRS,JRNLS ETC",RUSSIA,NA,0,134020987,0,580744266
"PRNTD BOOKS,NWSPAPRS,JRNLS ETC",SAUDI ARAB,NA,0,40279496,0,1612621293
"PRNTD BOOKS,NWSPAPRS,JRNLS ETC",SENEGAL,NA,0,34575,0,0
"PRNTD BOOKS,NWSPAPRS,JRNLS ETC",SERBIA MONTNGRO,NA,0,0,0,296
"PRNTD BOOKS,NWSPAPRS,JRNLS ETC",SEYCHELLES,NA,0,0,0,2422
"PRNTD BOOKS,NWSPAPRS,JRNLS ETC",SIERRA LEONE,NA,0,43943,0,0
"PRNTD BOOKS,NWSPAPRS,JRNLS ETC",SLOVAK REP,NA,0,11222379,0,2764835
"PRNTD BOOKS,NWSPAPRS,JRNLS ETC",SINGAPORE,NA,0,9415867882,0,9870090309
"PRNTD BOOKS,NWSPAPRS,JRNLS ETC",SLOVENIA,NA,0,3994737,0,878983
"PRNTD BOOKS,NWSPAPRS,JRNLS ETC",SOUTH AFRICA,NA,0,5064773,0,13096009
"PRNTD BOOKS,NWSPAPRS,JRNLS ETC",SPAIN,NA,0,53706959,0,34385922
"PRNTD BOOKS,NWSPAPRS,JRNLS ETC",SRI LANKA DSR,NA,0,194716240,0,89806793
"PRNTD BOOKS,NWSPAPRS,JRNLS ETC",SWAZILAND,NA,0,44684,0,233895
"PRNTD BOOKS,NWSPAPRS,JRNLS ETC",SWEDEN,NA,0,104883843,0,72428590
"PRNTD BOOKS,NWSPAPRS,JRNLS ETC",SWITZERLAND,NA,0,372440675,0,266000154
"PRNTD BOOKS,NWSPAPRS,JRNLS ETC",SYRIA,NA,0,8217,0,0
"PRNTD BOOKS,NWSPAPRS,JRNLS ETC",TANZANIA REP,NA,0,453326,0,8360538
"PRNTD BOOKS,NWSPAPRS,JRNLS ETC",THAILAND,NA,0,642968954,0,1615500485
"PRNTD BOOKS,NWSPAPRS,JRNLS ETC",TOGO,NA,0,28070,0,0
"PRNTD BOOKS,NWSPAPRS,JRNLS ETC",TUNISIA,NA,0,27603,0,65001
"PRNTD BOOKS,NWSPAPRS,JRNLS ETC",TURKEY,NA,0,17716989,0,29074886
"PRNTD BOOKS,NWSPAPRS,JRNLS ETC",TURKMENISTAN,NA,0,109720,0,0
"PRNTD BOOKS,NWSPAPRS,JRNLS ETC",U ARAB EMTS,NA,0,103102783,0,2610051717
"PRNTD BOOKS,NWSPAPRS,JRNLS ETC",U K,NA,0,3205720449,0,3463117326
"PRNTD BOOKS,NWSPAPRS,JRNLS ETC",UKRAINE,NA,0,13084509,0,12191979
"PRNTD BOOKS,NWSPAPRS,JRNLS ETC",U S A,NA,0,4314650134,0,4062813363
"PRNTD BOOKS,NWSPAPRS,JRNLS ETC",URUGUAY,NA,0,0,0,87103
"PRNTD BOOKS,NWSPAPRS,JRNLS ETC",VENEZUELA,NA,0,204396,0,0
"PRNTD BOOKS,NWSPAPRS,JRNLS ETC",VIETNAM SOC REP,NA,0,12648159,0,5946706
"PRNTD BOOKS,NWSPAPRS,JRNLS ETC",VIRGIN IS US,NA,0,0,0,2943
"PRNTD BOOKS,NWSPAPRS,JRNLS ETC",ZAMBIA,NA,0,0,0,7000
"PRNTD BOOKS,NWSPAPRS,JRNLS ETC",ZIMBABWE,NA,0,0,0,83250
"PRNTD BOOKS,NWSPAPRS,JRNLS ETC",UNSPECIFIED,NA,0,4405386,0,9255842
"PRIMRY STEL,PIG IRON BASD ITMS",AFGHANISTAN TIS,TON,75,5152875,0,0
"PRIMRY STEL,PIG IRON BASD ITMS",ALBANIA,TON,0,0,135,104791709
"PRIMRY STEL,PIG IRON BASD ITMS",ARGENTINA,TON,2105,259718581,2184,308684356
"PRIMRY STEL,PIG IRON BASD ITMS",AUSTRALIA,TON,297,36349024,318,15440811
"PRIMRY STEL,PIG IRON BASD ITMS",AUSTRIA,TON,103,44898898,114,50547788
"PRIMRY STEL,PIG IRON BASD ITMS",BAHARAIN IS,TON,294,14591898,700,34093837
"PRIMRY STEL,PIG IRON BASD ITMS",BELGIUM,TON,360,108315624,266,139405397
"PRIMRY STEL,PIG IRON BASD ITMS",BHUTAN,TON,76257,4624445982,74459,4754896080
"PRIMRY STEL,PIG IRON BASD ITMS",BRAZIL,TON,10732,3001697943,10086,3791481601
"PRIMRY STEL,PIG IRON BASD ITMS",BELARUS,TON,105,2888478,63,1988727
"PRIMRY STEL,PIG IRON BASD ITMS",CANADA,TON,1626,241493438,2228,621361518
"PRIMRY STEL,PIG IRON BASD ITMS",CHILE,TON,219,97662245,20,2471280
"PRIMRY STEL,PIG IRON BASD ITMS",TAIWAN,TON,3759,314622241,3757,237986266
"PRIMRY STEL,PIG IRON BASD ITMS",CHINA P RP,TON,59567,5376526170,43323,3967034515
"PRIMRY STEL,PIG IRON BASD ITMS",COLOMBIA,TON,91,44031708,3033,1516261603
"PRIMRY STEL,PIG IRON BASD ITMS",COSTA RICA,TON,3,1960095,0,0
"PRIMRY STEL,PIG IRON BASD ITMS",CYPRUS,TON,0,0,105,9572062
"PRIMRY STEL,PIG IRON BASD ITMS",CZECH REPUBLIC,TON,73,36228330,0,0
"PRIMRY STEL,PIG IRON BASD ITMS",DENMARK,TON,153,17142348,41,1835075
"PRIMRY STEL,PIG IRON BASD ITMS",DOMINIC REP,TON,0,0,267,37360132
"PRIMRY STEL,PIG IRON BASD ITMS",DOMINICA,TON,0,0,69,65194274
"PRIMRY STEL,PIG IRON BASD ITMS",ECUADOR,TON,0,0,18,1304542
"PRIMRY STEL,PIG IRON BASD ITMS",EGYPT A RP,TON,2689,141175710,1984,105887330
"PRIMRY STEL,PIG IRON BASD ITMS",ESTONIA,TON,0,0,150,13376983
"PRIMRY STEL,PIG IRON BASD ITMS",FINLAND,TON,55,1606910,54,14684796
"PRIMRY STEL,PIG IRON BASD ITMS",FRANCE,TON,7524,700031353,7063,610503585
"PRIMRY STEL,PIG IRON BASD ITMS",GABON,TON,27,1394152,0,0
"PRIMRY STEL,PIG IRON BASD ITMS",GEORGIA,TON,249,10719638,27,1646287
"PRIMRY STEL,PIG IRON BASD ITMS",GERMANY,TON,4140,564566025,3456,382884836
"PRIMRY STEL,PIG IRON BASD ITMS",GHANA,TON,0,0,40,5268068
"PRIMRY STEL,PIG IRON BASD ITMS",GREECE,TON,1483,1254340805,6898,1962809798
"PRIMRY STEL,PIG IRON BASD ITMS",HONDURAS,TON,0,36708,0,44937
"PRIMRY STEL,PIG IRON BASD ITMS",HONG KONG,TON,137,14599514,240,44287825
"PRIMRY STEL,PIG IRON BASD ITMS",HUNGARY,TON,1,672184,0,0
"PRIMRY STEL,PIG IRON BASD ITMS",ICELAND,TON,535,67535661,0,0
"PRIMRY STEL,PIG IRON BASD ITMS",INDONESIA,TON,1394,125273765,3221,177000415
"PRIMRY STEL,PIG IRON BASD ITMS",IRAN,TON,308,17729980,680,19505562
"PRIMRY STEL,PIG IRON BASD ITMS",IRAQ,TON,0,0,70,23823829
"PRIMRY STEL,PIG IRON BASD ITMS",IRELAND,TON,0,5052,28,2697444
"PRIMRY STEL,PIG IRON BASD ITMS",ISRAEL,TON,5,670865,0,0
"PRIMRY STEL,PIG IRON BASD ITMS",ITALY,TON,5636,335875260,8191,519995716
"PRIMRY STEL,PIG IRON BASD ITMS",COTE D' IVOIRE,TON,0,0,27,1447211
"PRIMRY STEL,PIG IRON BASD ITMS",JAPAN,TON,2206,1390365083,11495,4467021969
"PRIMRY STEL,PIG IRON BASD ITMS",JORDAN,TON,0,0,52227,1073421531
"PRIMRY STEL,PIG IRON BASD ITMS",KAZAKHSTAN,TON,2160,223961320,3304,390063788
"PRIMRY STEL,PIG IRON BASD ITMS",KYRGHYZSTAN,TON,0,0,150,13780775
"PRIMRY STEL,PIG IRON BASD ITMS",KOREA RP,TON,4138,1176922382,10763,1523586841
"PRIMRY STEL,PIG IRON BASD ITMS",KUWAIT,TON,123,3617900,655,35262044
"PRIMRY STEL,PIG IRON BASD ITMS",LATVIA,TON,106,21937606,17,4151854
"PRIMRY STEL,PIG IRON BASD ITMS",LIBERIA,TON,86,4329887,0,0
"PRIMRY STEL,PIG IRON BASD ITMS",LITHUANIA,TON,47,2887037,0,0
"PRIMRY STEL,PIG IRON BASD ITMS",MACEDONIA,TON,748,729493565,1895,1237824902
"PRIMRY STEL,PIG IRON BASD ITMS",MALAYSIA,TON,1453,83812890,131007,2721194546
"PRIMRY STEL,PIG IRON BASD ITMS",MYANMAR,TON,80,10633550,48,2378376
"PRIMRY STEL,PIG IRON BASD ITMS",MEXICO,TON,91,10332302,216,26627792
"PRIMRY STEL,PIG IRON BASD ITMS",MOROCCO,TON,42,5377351,0,0
"PRIMRY STEL,PIG IRON BASD ITMS",NEPAL,TON,153,6971835,20,758985
"PRIMRY STEL,PIG IRON BASD ITMS",NETHERLAND,TON,554,46081475,211,42880686
"PRIMRY STEL,PIG IRON BASD ITMS",NEW CALEDONIA,TON,625,553722306,4564,1305123473
"PRIMRY STEL,PIG IRON BASD ITMS",NEW ZEALAND,TON,25,2966250,10,1976000
"PRIMRY STEL,PIG IRON BASD ITMS",NORWAY,TON,9676,997020503,8384,861961181
"PRIMRY STEL,PIG IRON BASD ITMS",OMAN,TON,606610,14800323291,709101,14997254469
"PRIMRY STEL,PIG IRON BASD ITMS",PAKISTAN IR,TON,38,10347163,0,0
"PRIMRY STEL,PIG IRON BASD ITMS",PHILIPPINES,TON,25,5329223,50,3452036
"PRIMRY STEL,PIG IRON BASD ITMS",POLAND,TON,32,4335897,101,13943737
"PRIMRY STEL,PIG IRON BASD ITMS",PORTUGAL,TON,20,1278000,0,0
"PRIMRY STEL,PIG IRON BASD ITMS",QATAR,TON,39086,933609573,1132,33390789
"PRIMRY STEL,PIG IRON BASD ITMS",ROMANIA,TON,655,50564638,1537,138606856
"PRIMRY STEL,PIG IRON BASD ITMS",RUSSIA,TON,28851,2995226419,70762,3938359942
"PRIMRY STEL,PIG IRON BASD ITMS",SAUDI ARAB,TON,13076,373039580,80708,1877432136
"PRIMRY STEL,PIG IRON BASD ITMS",SERBIA MONTNGRO,TON,395,102993513,0,0
"PRIMRY STEL,PIG IRON BASD ITMS",SLOVAK REP,TON,1,380209,0,0
"PRIMRY STEL,PIG IRON BASD ITMS",SINGAPORE,TON,1111,654393010,532,340830307
"PRIMRY STEL,PIG IRON BASD ITMS",SLOVENIA,TON,105,5924915,0,0
"PRIMRY STEL,PIG IRON BASD ITMS",SOUTH AFRICA,TON,70170,3884577502,70168,3739974065
"PRIMRY STEL,PIG IRON BASD ITMS",SPAIN,TON,7759,400110082,7826,419687779
"PRIMRY STEL,PIG IRON BASD ITMS",SRI LANKA DSR,TON,165,9118409,0,56313
"PRIMRY STEL,PIG IRON BASD ITMS",SWAZILAND,TON,100,6890696,0,0
"PRIMRY STEL,PIG IRON BASD ITMS",SWEDEN,TON,5723,581003758,4972,444466752
"PRIMRY STEL,PIG IRON BASD ITMS",SWITZERLAND,TON,210,43484114,297,109861801
"PRIMRY STEL,PIG IRON BASD ITMS",THAILAND,TON,2578,160684305,2108,153088284
"PRIMRY STEL,PIG IRON BASD ITMS",TRINIDAD,TON,964,19001680,1313,28715494
"PRIMRY STEL,PIG IRON BASD ITMS",TURKEY,TON,731,80112287,706,84299260
"PRIMRY STEL,PIG IRON BASD ITMS",U ARAB EMTS,TON,8884,293508786,68951,1582438998
"PRIMRY STEL,PIG IRON BASD ITMS",U K,TON,1364,500984156,2375,661659251
"PRIMRY STEL,PIG IRON BASD ITMS",UKRAINE,TON,538,23876052,822,42823706
"PRIMRY STEL,PIG IRON BASD ITMS",U S A,TON,4911,574467680,4474,493826160
"PRIMRY STEL,PIG IRON BASD ITMS",UZBEKISTAN,TON,2,3430829,0,0
"PRIMRY STEL,PIG IRON BASD ITMS",VENEZUELA,TON,230,72717579,728,170840383
"PRIMRY STEL,PIG IRON BASD ITMS",VIETNAM SOC REP,TON,4130,291256785,2686,213215599
"PRIMRY STEL,PIG IRON BASD ITMS",UNSPECIFIED,TON,278,116108004,29,1611427
SILVER,ARGENTINA,NA,0,187373399,0,0
SILVER,AUSTRALIA,NA,0,1027872708,0,1454088151
SILVER,AUSTRIA,NA,0,268391782,0,96502382
SILVER,BELGIUM,NA,0,5339006647,0,972752367
SILVER,BRAZIL,NA,0,151487363,0,258272
SILVER,CANADA,NA,0,898709954,0,2741075
SILVER,CHILE,NA,0,0,0,1067428
SILVER,TAIWAN,NA,0,29207476011,0,10507522496
SILVER,CHINA P RP,NA,0,23353599275,0,10064997310
SILVER,COSTA RICA,NA,0,0,0,689786
SILVER,DENMARK,NA,0,1677086,0,3754581
SILVER,FINLAND,NA,0,513556072,0,3056538404
SILVER,FRANCE,NA,0,222979045,0,12854274
SILVER,GERMANY,NA,0,9021442600,0,1773245464
SILVER,HONG KONG,NA,0,15785727667,0,14665850035
SILVER,HUNGARY,NA,0,205399587,0,14341485
SILVER,INDONESIA,NA,0,49966447,0,47678024
SILVER,IRELAND,NA,0,0,0,291069976
SILVER,ISRAEL,NA,0,327379934,0,6820375
SILVER,ITALY,NA,0,1538088023,0,647483354
SILVER,JAPAN,NA,0,6422119352,0,1672127840
SILVER,KAZAKHSTAN,NA,0,2376601851,0,0
SILVER,KOREA RP,NA,0,9823022474,0,14253592405
SILVER,LIECHTENSTEIN,NA,0,0,0,22198
SILVER,MALAYSIA,NA,0,257105165,0,19699039
SILVER,MEXICO,NA,0,971992258,0,7723168
SILVER,MONGOLIA,NA,0,748192012,0,0
SILVER,NETHERLAND,NA,0,186784387,0,92834542
SILVER,NEW ZEALAND,NA,0,98498051,0,0
SILVER,NORWAY,NA,0,0,0,108769
SILVER,OMAN,NA,0,199792832,0,0
SILVER,PERU,NA,0,668123271,0,5709847948
SILVER,PHILIPPINES,NA,0,11731609,0,60164644
SILVER,POLAND,NA,0,2012836612,0,783704343
SILVER,PUERTO RICO,NA,0,6940351,0,0
SILVER,RUSSIA,NA,0,28470081773,0,2161586974
SILVER,SAUDI ARAB,NA,0,0,0,194680944
SILVER,SINGAPORE,NA,0,249508396,0,3341567153
SILVER,SOUTH AFRICA,NA,0,3088863057,0,515340619
SILVER,SPAIN,NA,0,2240833893,0,0
SILVER,SRI LANKA DSR,NA,0,111252199,0,0
SILVER,SWAZILAND,NA,0,2631791,0,0
SILVER,SWEDEN,NA,0,456243739,0,1912728295
SILVER,SWITZERLAND,NA,0,33425015405,0,2476458133
SILVER,THAILAND,NA,0,689504900,0,563110033
SILVER,TURKEY,NA,0,1327797196,0,2512592609
SILVER,U ARAB EMTS,NA,0,8100543593,0,3424367612
SILVER,U K,NA,0,47114880968,0,21532205155
SILVER,U S A,NA,0,5362259712,0,2258464256
SILVER,UNSPECIFIED,NA,0,1021431766,0,620040860
PROJECT GOODS,ARGENTINA,NA,0,0,0,2243170
PROJECT GOODS,AUSTRALIA,NA,0,767331477,0,1094516722
PROJECT GOODS,AUSTRIA,NA,0,3160840460,0,857594293
PROJECT GOODS,BAHARAIN IS,NA,0,0,0,83209054
PROJECT GOODS,BANGLADESH PR,NA,0,19668739,0,17143
PROJECT GOODS,BELGIUM,NA,0,2141766140,0,953875501
PROJECT GOODS,BENIN,NA,0,4479517,0,0
PROJECT GOODS,BRAZIL,NA,0,661101692,0,711657349
PROJECT GOODS,BELARUS,NA,0,350500,0,0
PROJECT GOODS,CAMEROON,NA,0,0,0,3298135
PROJECT GOODS,CANADA,NA,0,1035912489,0,829363422
PROJECT GOODS,TAIWAN,NA,0,1860155856,0,1316766501
PROJECT GOODS,CHINA P RP,NA,0,2.3715E+11,0,2.01429E+11
PROJECT GOODS,COSTA RICA,NA,0,10225770,0,46318
PROJECT GOODS,CROATIA,NA,0,106284342,0,0
PROJECT GOODS,CZECH REPUBLIC,NA,0,749966314,0,943489785
PROJECT GOODS,DENMARK,NA,0,437561229,0,538968319
PROJECT GOODS,EGYPT A RP,NA,0,0,0,2901690
PROJECT GOODS,ETHIOPIA,NA,0,58910,0,199507631
PROJECT GOODS,ERITREA,NA,0,278507,0,0
PROJECT GOODS,FINLAND,NA,0,2165377119,0,597486795
PROJECT GOODS,FRANCE,NA,0,7204695226,0,2819542506
PROJECT GOODS,GEORGIA,NA,0,0,0,5590258
PROJECT GOODS,GERMANY,NA,0,34621614001,0,35820752643
PROJECT GOODS,GHANA,NA,0,2814576,0,0
PROJECT GOODS,GREECE,NA,0,16738433,0,2279992
PROJECT GOODS,HONG KONG,NA,0,240716365,0,277227941
PROJECT GOODS,HUNGARY,NA,0,67706932,0,419341193
PROJECT GOODS,INDONESIA,NA,0,1147195752,0,1974850226
PROJECT GOODS,IRAN,NA,0,29054199,0,0
PROJECT GOODS,IRAQ,NA,0,2055599,0,0
PROJECT GOODS,IRELAND,NA,0,45240870,0,40758363
PROJECT GOODS,ISRAEL,NA,0,89020666,0,214951144
PROJECT GOODS,ITALY,NA,0,9508265742,0,14961031878
PROJECT GOODS,JAPAN,NA,0,29538568014,0,21113567192
PROJECT GOODS,JORDAN,NA,0,244896786,0,0
PROJECT GOODS,KOREA DP RP,NA,0,30743115,0,0
PROJECT GOODS,KOREA RP,NA,0,31398295599,0,24938438167
PROJECT GOODS,LATVIA,NA,0,7755468,0,0
PROJECT GOODS,LEBANON,NA,0,0,0,1682625
PROJECT GOODS,LUXEMBOURG,NA,0,24002271,0,4927500
PROJECT GOODS,MALAYSIA,NA,0,1895502132,0,936664725
PROJECT GOODS,MYANMAR,NA,0,199320390,0,0
PROJECT GOODS,MEXICO,NA,0,16313674,0,97079221
PROJECT GOODS,NEPAL,NA,0,2950050,0,18149949
PROJECT GOODS,NETHERLAND,NA,0,873727433,0,1203580328
PROJECT GOODS,NEW ZEALAND,NA,0,2222512,0,32021063
PROJECT GOODS,NIGER,NA,0,779672,0,0
PROJECT GOODS,NIGERIA,NA,0,1820000,0,0
PROJECT GOODS,NORWAY,NA,0,0,0,18384802
PROJECT GOODS,OMAN,NA,0,1985222862,0,237614171
PROJECT GOODS,PHILIPPINES,NA,0,3404485,0,46346
PROJECT GOODS,POLAND,NA,0,306829361,0,378525853
PROJECT GOODS,PORTUGAL,NA,0,2723672379,0,273662754
PROJECT GOODS,EAST TIMOR,NA,0,977757284,0,0
PROJECT GOODS,QATAR,NA,0,1564729,0,9873002
PROJECT GOODS,REUNION,NA,0,7923304,0,0
PROJECT GOODS,ROMANIA,NA,0,170177876,0,14210208
PROJECT GOODS,RUSSIA,NA,0,723590288,0,3747178936
PROJECT GOODS,SAUDI ARAB,NA,0,976100427,0,8572512
PROJECT GOODS,SENEGAL,NA,0,58566082,0,0
PROJECT GOODS,SLOVAK REP,NA,0,86580395,0,882230822
PROJECT GOODS,SINGAPORE,NA,0,1457572520,0,865293527
PROJECT GOODS,SLOVENIA,NA,0,595611780,0,73318930
PROJECT GOODS,SOUTH AFRICA,NA,0,170645521,0,106739661
PROJECT GOODS,SPAIN,NA,0,1470988296,0,2054522806
PROJECT GOODS,SRI LANKA DSR,NA,0,4215807,0,4009378
PROJECT GOODS,SUDAN,NA,0,82043585,0,0
PROJECT GOODS,SWAZILAND,NA,0,0,0,26918740
PROJECT GOODS,SWEDEN,NA,0,1579473374,0,1079818292
PROJECT GOODS,SWITZERLAND,NA,0,1318540495,0,794554162
PROJECT GOODS,TANZANIA REP,NA,0,0,0,2853507
PROJECT GOODS,THAILAND,NA,0,2593848615,0,2242647136
PROJECT GOODS,TURKEY,NA,0,1400598619,0,1409423248
PROJECT GOODS,U ARAB EMTS,NA,0,8494605213,0,1374563806
PROJECT GOODS,U K,NA,0,2061319932,0,3090675806
PROJECT GOODS,UKRAINE,NA,0,1515389047,0,612424240
PROJECT GOODS,U S A,NA,0,17329305316,0,20865878082
PROJECT GOODS,VIETNAM SOC REP,NA,0,5418466092,0,2168891495
PROJECT GOODS,UNSPECIFIED,NA,0,1213835393,0,10670099
"PROFSNL INST,ETC EXCPT ELCTRNC",AFGHANISTAN TIS,NA,0,4470418,0,15335045
"PROFSNL INST,ETC EXCPT ELCTRNC",ALGERIA,NA,0,450251,0,0
"PROFSNL INST,ETC EXCPT ELCTRNC",AMERI SAMOA,NA,0,0,0,11713957
"PROFSNL INST,ETC EXCPT ELCTRNC",ANTIGUA,NA,0,895144,0,0
"PROFSNL INST,ETC EXCPT ELCTRNC",ARGENTINA,NA,0,162162508,0,241186381
"PROFSNL INST,ETC EXCPT ELCTRNC",ARMENIA,NA,0,576415,0,1525702
"PROFSNL INST,ETC EXCPT ELCTRNC",AUSTRALIA,NA,0,951914048,0,1131765353
"PROFSNL INST,ETC EXCPT ELCTRNC",AUSTRIA,NA,0,3006175194,0,2802937244
"PROFSNL INST,ETC EXCPT ELCTRNC",AZERBAIJAN,NA,0,147657,0,0
"PROFSNL INST,ETC EXCPT ELCTRNC",BAHARAIN IS,NA,0,30279227,0,27593908
"PROFSNL INST,ETC EXCPT ELCTRNC",BANGLADESH PR,NA,0,15622292,0,25781274
"PROFSNL INST,ETC EXCPT ELCTRNC",BARBADOS,NA,0,1973575,0,1376295
"PROFSNL INST,ETC EXCPT ELCTRNC",BELIZE,NA,0,0,0,136821
"PROFSNL INST,ETC EXCPT ELCTRNC",BELGIUM,NA,0,2252765069,0,4442372729
"PROFSNL INST,ETC EXCPT ELCTRNC",BENIN,NA,0,0,0,2743982
"PROFSNL INST,ETC EXCPT ELCTRNC",BHUTAN,NA,0,2737,0,0
"PROFSNL INST,ETC EXCPT ELCTRNC",BRAZIL,NA,0,769236114,0,639034141
"PROFSNL INST,ETC EXCPT ELCTRNC",BR VIRGN IS,NA,0,59614,0,0
"PROFSNL INST,ETC EXCPT ELCTRNC",BRUNEI,NA,0,574176,0,0
"PROFSNL INST,ETC EXCPT ELCTRNC",BULGARIA,NA,0,332488194,0,405985939
"PROFSNL INST,ETC EXCPT ELCTRNC",BELARUS,NA,0,14735285,0,36425439
"PROFSNL INST,ETC EXCPT ELCTRNC",CAMBODIA,NA,0,21348,0,1805725
"PROFSNL INST,ETC EXCPT ELCTRNC",CAMEROON,NA,0,865063,0,267013
"PROFSNL INST,ETC EXCPT ELCTRNC",CANADA,NA,0,2196798247,0,1671269561
"PROFSNL INST,ETC EXCPT ELCTRNC",CHAD,NA,0,0,0,7458231
"PROFSNL INST,ETC EXCPT ELCTRNC",CHILE,NA,0,12833521,0,7766538
"PROFSNL INST,ETC EXCPT ELCTRNC",TAIWAN,NA,0,2754465846,0,2882301694
"PROFSNL INST,ETC EXCPT ELCTRNC",CHINA P RP,NA,0,42894209778,0,48299021184
"PROFSNL INST,ETC EXCPT ELCTRNC",COLOMBIA,NA,0,2508350,0,12089725
"PROFSNL INST,ETC EXCPT ELCTRNC",CONGO P REP,NA,0,0,0,148884
"PROFSNL INST,ETC EXCPT ELCTRNC",COSTA RICA,NA,0,51746223,0,36220884
"PROFSNL INST,ETC EXCPT ELCTRNC",CROATIA,NA,0,10504361,0,11009043
"PROFSNL INST,ETC EXCPT ELCTRNC",CUBA,NA,0,609354,0,52405
"PROFSNL INST,ETC EXCPT ELCTRNC",CYPRUS,NA,0,4956059,0,12993851
"PROFSNL INST,ETC EXCPT ELCTRNC",CZECH REPUBLIC,NA,0,494954903,0,843431556
"PROFSNL INST,ETC EXCPT ELCTRNC",DENMARK,NA,0,1273707319,0,1217506237
"PROFSNL INST,ETC EXCPT ELCTRNC",DJIBOUTI,NA,0,0,0,20096
"PROFSNL INST,ETC EXCPT ELCTRNC",DOMINIC REP,NA,0,63241137,0,64596760
"PROFSNL INST,ETC EXCPT ELCTRNC",DOMINICA,NA,0,30396,0,474951
"PROFSNL INST,ETC EXCPT ELCTRNC",ECUADOR,NA,0,550289,0,6771542
"PROFSNL INST,ETC EXCPT ELCTRNC",EGYPT A RP,NA,0,13724103,0,30171915
"PROFSNL INST,ETC EXCPT ELCTRNC",ESTONIA,NA,0,21185697,0,72325630
"PROFSNL INST,ETC EXCPT ELCTRNC",ETHIOPIA,NA,0,5147186,0,7942735
"PROFSNL INST,ETC EXCPT ELCTRNC",FINLAND,NA,0,881485134,0,627685338
"PROFSNL INST,ETC EXCPT ELCTRNC",FIJI IS,NA,0,6559473,0,0
"PROFSNL INST,ETC EXCPT ELCTRNC",FRANCE,NA,0,6816389368,0,7687870076
"PROFSNL INST,ETC EXCPT ELCTRNC",FR GUIANA,NA,0,0,0,17650000
"PROFSNL INST,ETC EXCPT ELCTRNC",GABON,NA,0,3385265,0,46668
"PROFSNL INST,ETC EXCPT ELCTRNC",GAMBIA,NA,0,0,0,7909
"PROFSNL INST,ETC EXCPT ELCTRNC",GEORGIA,NA,0,15116144,0,3454451
"PROFSNL INST,ETC EXCPT ELCTRNC",GERMANY,NA,0,32368541646,0,36357482341
"PROFSNL INST,ETC EXCPT ELCTRNC",GHANA,NA,0,3924704,0,352850
"PROFSNL INST,ETC EXCPT ELCTRNC",GREECE,NA,0,7638634,0,33319895
"PROFSNL INST,ETC EXCPT ELCTRNC",GUATEMALA,NA,0,0,0,755325
"PROFSNL INST,ETC EXCPT ELCTRNC",GUINEA,NA,0,484139,0,0
"PROFSNL INST,ETC EXCPT ELCTRNC",GUINEA BISSAU,NA,0,849256,0,0
"PROFSNL INST,ETC EXCPT ELCTRNC",HAITI,NA,0,0,0,240555
"PROFSNL INST,ETC EXCPT ELCTRNC",HONDURAS,NA,0,0,0,43620
"PROFSNL INST,ETC EXCPT ELCTRNC",HONG KONG,NA,0,5547614344,0,6519410581
"PROFSNL INST,ETC EXCPT ELCTRNC",HUNGARY,NA,0,611156777,0,997084256
"PROFSNL INST,ETC EXCPT ELCTRNC",ICELAND,NA,0,4351810,0,1691950
"PROFSNL INST,ETC EXCPT ELCTRNC",INDONESIA,NA,0,884508392,0,711054016
"PROFSNL INST,ETC EXCPT ELCTRNC",IRAN,NA,0,8328771,0,20820133
"PROFSNL INST,ETC EXCPT ELCTRNC",IRAQ,NA,0,725875,0,0
"PROFSNL INST,ETC EXCPT ELCTRNC",IRELAND,NA,0,3925463307,0,8690381685
"PROFSNL INST,ETC EXCPT ELCTRNC",ISRAEL,NA,0,2629555470,0,4114569966
"PROFSNL INST,ETC EXCPT ELCTRNC",ITALY,NA,0,6099464377,0,6341499716
"PROFSNL INST,ETC EXCPT ELCTRNC",COTE D' IVOIRE,NA,0,58544,0,219023
"PROFSNL INST,ETC EXCPT ELCTRNC",JAMAICA,NA,0,985053,0,1117943
"PROFSNL INST,ETC EXCPT ELCTRNC",JAPAN,NA,0,23790779174,0,28336495499
"PROFSNL INST,ETC EXCPT ELCTRNC",JORDAN,NA,0,8118659,0,2743507
"PROFSNL INST,ETC EXCPT ELCTRNC",KAZAKHSTAN,NA,0,4678299,0,0
"PROFSNL INST,ETC EXCPT ELCTRNC",KENYA,NA,0,1373191,0,7027844
"PROFSNL INST,ETC EXCPT ELCTRNC",KOREA DP RP,NA,0,6017832,0,306135
"PROFSNL INST,ETC EXCPT ELCTRNC",KOREA RP,NA,0,10075626938,0,10854576045
"PROFSNL INST,ETC EXCPT ELCTRNC",KUWAIT,NA,0,12784265,0,26896011
"PROFSNL INST,ETC EXCPT ELCTRNC",LATVIA,NA,0,35239111,0,24975776
"PROFSNL INST,ETC EXCPT ELCTRNC",LEBANON,NA,0,1547635,0,313936
"PROFSNL INST,ETC EXCPT ELCTRNC",LESOTHO,NA,0,499555,0,0
"PROFSNL INST,ETC EXCPT ELCTRNC",LIBERIA,NA,0,0,0,311522
"PROFSNL INST,ETC EXCPT ELCTRNC",LIECHTENSTEIN,NA,0,4413324,0,4027204
"PROFSNL INST,ETC EXCPT ELCTRNC",LITHUANIA,NA,0,77086511,0,80174585
"PROFSNL INST,ETC EXCPT ELCTRNC",LUXEMBOURG,NA,0,12965334,0,69677740
"PROFSNL INST,ETC EXCPT ELCTRNC",MACAO,NA,0,342627,0,1449240
"PROFSNL INST,ETC EXCPT ELCTRNC",MACEDONIA,NA,0,0,0,58748
"PROFSNL INST,ETC EXCPT ELCTRNC",MADAGASCAR,NA,0,8628707,0,13181513
"PROFSNL INST,ETC EXCPT ELCTRNC",MALAYSIA,NA,0,2388632275,0,2605664966
"PROFSNL INST,ETC EXCPT ELCTRNC",MALDIVES,NA,0,8548476,0,1325185
"PROFSNL INST,ETC EXCPT ELCTRNC",MALI,NA,0,484327,0,0
"PROFSNL INST,ETC EXCPT ELCTRNC",MALTA,NA,0,47830868,0,14134449
"PROFSNL INST,ETC EXCPT ELCTRNC",MAURITIUS,NA,0,128818717,0,311571156
"PROFSNL INST,ETC EXCPT ELCTRNC",MYANMAR,NA,0,20125502,0,20811648
"PROFSNL INST,ETC EXCPT ELCTRNC",MEXICO,NA,0,1016573815,0,1332364620
"PROFSNL INST,ETC EXCPT ELCTRNC",MOLDOVA,NA,0,0,0,3425500
"PROFSNL INST,ETC EXCPT ELCTRNC",MONGOLIA,NA,0,1210584,0,0
"PROFSNL INST,ETC EXCPT ELCTRNC",MONACO,NA,0,347628,0,0
"PROFSNL INST,ETC EXCPT ELCTRNC",MOROCCO,NA,0,35143718,0,11600604
"PROFSNL INST,ETC EXCPT ELCTRNC",MOZAMBIQUE,NA,0,1731980,0,0
"PROFSNL INST,ETC EXCPT ELCTRNC",NAMIBIA,NA,0,464470,0,0
"PROFSNL INST,ETC EXCPT ELCTRNC",NEPAL,NA,0,5872802,0,5265566
"PROFSNL INST,ETC EXCPT ELCTRNC",NETHERLAND,NA,0,4179051667,0,3566213303
"PROFSNL INST,ETC EXCPT ELCTRNC",NETHERLANDANTIL,NA,0,7065758,0,14272521
"PROFSNL INST,ETC EXCPT ELCTRNC",NEW ZEALAND,NA,0,274432849,0,186080087
"PROFSNL INST,ETC EXCPT ELCTRNC",NICARAGUA,NA,0,532500,0,0
"PROFSNL INST,ETC EXCPT ELCTRNC",NIGER,NA,0,0,0,1156302
"PROFSNL INST,ETC EXCPT ELCTRNC",NIGERIA,NA,0,36537946,0,3005621
"PROFSNL INST,ETC EXCPT ELCTRNC",NORWAY,NA,0,549529546,0,489086396
"PROFSNL INST,ETC EXCPT ELCTRNC",OMAN,NA,0,26653331,0,6727897
"PROFSNL INST,ETC EXCPT ELCTRNC",PAKISTAN IR,NA,0,120832830,0,73448443
"PROFSNL INST,ETC EXCPT ELCTRNC",PANAMA REPUBLIC,NA,0,3617170,0,25222953
"PROFSNL INST,ETC EXCPT ELCTRNC",PAPUA N GNA,NA,0,423017,0,1338794
"PROFSNL INST,ETC EXCPT ELCTRNC",PARAGUAY,NA,0,0,0,62006
"PROFSNL INST,ETC EXCPT ELCTRNC",PERU,NA,0,10674102,0,6805196
"PROFSNL INST,ETC EXCPT ELCTRNC",PHILIPPINES,NA,0,672916449,0,668424277
"PROFSNL INST,ETC EXCPT ELCTRNC",POLAND,NA,0,382065920,0,568687136
"PROFSNL INST,ETC EXCPT ELCTRNC",PORTUGAL,NA,0,143524314,0,115929319
"PROFSNL INST,ETC EXCPT ELCTRNC",PUERTO RICO,NA,0,151500681,0,148107313
"PROFSNL INST,ETC EXCPT ELCTRNC",QATAR,NA,0,28793672,0,21166019
"PROFSNL INST,ETC EXCPT ELCTRNC",REUNION,NA,0,107559154,0,961479
"PROFSNL INST,ETC EXCPT ELCTRNC",ROMANIA,NA,0,193789990,0,281339488
"PROFSNL INST,ETC EXCPT ELCTRNC",RUSSIA,NA,0,222207949,0,348380326
"PROFSNL INST,ETC EXCPT ELCTRNC",SAUDI ARAB,NA,0,49676718,0,73049678
"PROFSNL INST,ETC EXCPT ELCTRNC",SENEGAL,NA,0,32789137,0,3528544
"PROFSNL INST,ETC EXCPT ELCTRNC",SERBIA MONTNGRO,NA,0,1209634,0,51031
"PROFSNL INST,ETC EXCPT ELCTRNC",SEYCHELLES,NA,0,0,0,82472
"PROFSNL INST,ETC EXCPT ELCTRNC",SIERRA LEONE,NA,0,0,0,78413
"PROFSNL INST,ETC EXCPT ELCTRNC",SLOVAK REP,NA,0,128253720,0,130534072
"PROFSNL INST,ETC EXCPT ELCTRNC",SINGAPORE,NA,0,11837191461,0,13514838985
"PROFSNL INST,ETC EXCPT ELCTRNC",SLOVENIA,NA,0,132973340,0,167401128
"PROFSNL INST,ETC EXCPT ELCTRNC",SOUTH AFRICA,NA,0,102148046,0,77536644
"PROFSNL INST,ETC EXCPT ELCTRNC",SPAIN,NA,0,1529359751,0,2096690287
"PROFSNL INST,ETC EXCPT ELCTRNC",SRI LANKA DSR,NA,0,151738030,0,161489630
"PROFSNL INST,ETC EXCPT ELCTRNC",ST LUCIA,NA,0,1004525,0,0
"PROFSNL INST,ETC EXCPT ELCTRNC",SUDAN,NA,0,0,0,10669281
"PROFSNL INST,ETC EXCPT ELCTRNC",SURINAME,NA,0,0,0,18467
"PROFSNL INST,ETC EXCPT ELCTRNC",SWAZILAND,NA,0,114619255,0,39755997
"PROFSNL INST,ETC EXCPT ELCTRNC",SWEDEN,NA,0,2935837830,0,3310075364
"PROFSNL INST,ETC EXCPT ELCTRNC",SWITZERLAND,NA,0,12315113045,0,15310529661
"PROFSNL INST,ETC EXCPT ELCTRNC",SYRIA,NA,0,51605,0,901551
"PROFSNL INST,ETC EXCPT ELCTRNC",TANZANIA REP,NA,0,611741,0,4101124
"PROFSNL INST,ETC EXCPT ELCTRNC",THAILAND,NA,0,2924784379,0,3193332493
"PROFSNL INST,ETC EXCPT ELCTRNC",TOGO,NA,0,707632,0,642342
"PROFSNL INST,ETC EXCPT ELCTRNC",TRINIDAD,NA,0,3326044,0,0
"PROFSNL INST,ETC EXCPT ELCTRNC",TUNISIA,NA,0,4472835,0,5508419
"PROFSNL INST,ETC EXCPT ELCTRNC",TURKEY,NA,0,455369161,0,384924527
"PROFSNL INST,ETC EXCPT ELCTRNC",TURKS C IS,NA,0,457085,0,0
"PROFSNL INST,ETC EXCPT ELCTRNC",UGANDA,NA,0,2527117,0,6033781
"PROFSNL INST,ETC EXCPT ELCTRNC",U ARAB EMTS,NA,0,1374087119,0,1108967764
"PROFSNL INST,ETC EXCPT ELCTRNC",U K,NA,0,9619041734,0,12927661003
"PROFSNL INST,ETC EXCPT ELCTRNC",UKRAINE,NA,0,65079578,0,61569925
"PROFSNL INST,ETC EXCPT ELCTRNC",U S A,NA,0,44902787209,0,51345040301
"PROFSNL INST,ETC EXCPT ELCTRNC",URUGUAY,NA,0,29622818,0,2155800
"PROFSNL INST,ETC EXCPT ELCTRNC",UZBEKISTAN,NA,0,281092,0,76863
"PROFSNL INST,ETC EXCPT ELCTRNC",VENEZUELA,NA,0,7035,0,220970
"PROFSNL INST,ETC EXCPT ELCTRNC",VIETNAM SOC REP,NA,0,315092625,0,574127996
"PROFSNL INST,ETC EXCPT ELCTRNC",VIRGIN IS US,NA,0,2291734,0,16117667
"PROFSNL INST,ETC EXCPT ELCTRNC",CONGO D. REP.,NA,0,2533906,0,158843
"PROFSNL INST,ETC EXCPT ELCTRNC",ZAMBIA,NA,0,378597,0,0
"PROFSNL INST,ETC EXCPT ELCTRNC",ZIMBABWE,NA,0,0,0,359688
"PROFSNL INST,ETC EXCPT ELCTRNC",UNSPECIFIED,NA,0,456663094,0,174361286
